Year,Month,Day,Weekday,Quarter,Year-Month,IsWeekend,IsHoliday,ID
2020,1,1,Wednesday,2020Q1,2020-01,0,0,1
2020,1,2,Thursday,2020Q1,2020-01,0,0,2
2020,1,3,Friday,2020Q1,2020-01,0,0,3
2020,1,4,Saturday,2020Q1,2020-01,1,0,4
2020,1,5,Sunday,2020Q1,2020-01,1,0,5
2020,1,6,Monday,2020Q1,2020-01,0,0,6
2020,1,7,Tuesday,2020Q1,2020-01,0,0,7
2020,1,8,Wednesday,2020Q1,2020-01,0,0,8
2020,1,9,Thursday,2020Q1,2020-01,0,0,9
2020,1,10,Friday,2020Q1,2020-01,0,0,10
2020,1,11,Saturday,2020Q1,2020-01,1,0,11
2020,1,12,Sunday,2020Q1,2020-01,1,0,12
2020,1,13,Monday,2020Q1,2020-01,0,0,13
2020,1,14,Tuesday,2020Q1,2020-01,0,0,14
2020,1,15,Wednesday,2020Q1,2020-01,0,0,15
2020,1,16,Thursday,2020Q1,2020-01,0,0,16
2020,1,17,Friday,2020Q1,2020-01,0,0,17
2020,1,18,Saturday,2020Q1,2020-01,1,0,18
2020,1,19,Sunday,2020Q1,2020-01,1,0,19
2020,1,20,Monday,2020Q1,2020-01,0,0,20
2020,1,21,Tuesday,2020Q1,2020-01,0,0,21
2020,1,22,Wednesday,2020Q1,2020-01,0,0,22
2020,1,23,Thursday,2020Q1,2020-01,0,0,23
2020,1,24,Friday,2020Q1,2020-01,0,0,24
2020,1,25,Saturday,2020Q1,2020-01,1,0,25
2020,1,26,Sunday,2020Q1,2020-01,1,0,26
2020,1,27,Monday,2020Q1,2020-01,0,0,27
2020,1,28,Tuesday,2020Q1,2020-01,0,0,28
2020,1,29,Wednesday,2020Q1,2020-01,0,0,29
2020,1,30,Thursday,2020Q1,2020-01,0,0,30
2020,1,31,Friday,2020Q1,2020-01,0,0,31
2020,2,1,Saturday,2020Q1,2020-02,1,0,32
2020,2,2,Sunday,2020Q1,2020-02,1,0,33
2020,2,3,Monday,2020Q1,2020-02,0,0,34
2020,2,4,Tuesday,2020Q1,2020-02,0,0,35
2020,2,5,Wednesday,2020Q1,2020-02,0,0,36
2020,2,6,Thursday,2020Q1,2020-02,0,0,37
2020,2,7,Friday,2020Q1,2020-02,0,0,38
2020,2,8,Saturday,2020Q1,2020-02,1,0,39
2020,2,9,Sunday,2020Q1,2020-02,1,0,40
2020,2,10,Monday,2020Q1,2020-02,0,0,41
2020,2,11,Tuesday,2020Q1,2020-02,0,0,42
2020,2,12,Wednesday,2020Q1,2020-02,0,0,43
2020,2,13,Thursday,2020Q1,2020-02,0,0,44
2020,2,14,Friday,2020Q1,2020-02,0,0,45
2020,2,15,Saturday,2020Q1,2020-02,1,0,46
2020,2,16,Sunday,2020Q1,2020-02,1,0,47
2020,2,17,Monday,2020Q1,2020-02,0,0,48
2020,2,18,Tuesday,2020Q1,2020-02,0,0,49
2020,2,19,Wednesday,2020Q1,2020-02,0,0,50
2020,2,20,Thursday,2020Q1,2020-02,0,0,51
2020,2,21,Friday,2020Q1,2020-02,0,0,52
2020,2,22,Saturday,2020Q1,2020-02,1,0,53
2020,2,23,Sunday,2020Q1,2020-02,1,0,54
2020,2,24,Monday,2020Q1,2020-02,0,0,55
2020,2,25,Tuesday,2020Q1,2020-02,0,0,56
2020,2,26,Wednesday,2020Q1,2020-02,0,0,57
2020,2,27,Thursday,2020Q1,2020-02,0,0,58
2020,2,28,Friday,2020Q1,2020-02,0,0,59
2020,2,29,Saturday,2020Q1,2020-02,1,0,60
2020,3,1,Sunday,2020Q1,2020-03,1,0,61
2020,3,2,Monday,2020Q1,2020-03,0,0,62
2020,3,3,Tuesday,2020Q1,2020-03,0,0,63
2020,3,4,Wednesday,2020Q1,2020-03,0,0,64
2020,3,5,Thursday,2020Q1,2020-03,0,0,65
2020,3,6,Friday,2020Q1,2020-03,0,0,66
2020,3,7,Saturday,2020Q1,2020-03,1,0,67
2020,3,8,Sunday,2020Q1,2020-03,1,0,68
2020,3,9,Monday,2020Q1,2020-03,0,0,69
2020,3,10,Tuesday,2020Q1,2020-03,0,0,70
2020,3,11,Wednesday,2020Q1,2020-03,0,0,71
2020,3,12,Thursday,2020Q1,2020-03,0,0,72
2020,3,13,Friday,2020Q1,2020-03,0,0,73
2020,3,14,Saturday,2020Q1,2020-03,1,0,74
2020,3,15,Sunday,2020Q1,2020-03,1,0,75
2020,3,16,Monday,2020Q1,2020-03,0,0,76
2020,3,17,Tuesday,2020Q1,2020-03,0,0,77
2020,3,18,Wednesday,2020Q1,2020-03,0,0,78
2020,3,19,Thursday,2020Q1,2020-03,0,0,79
2020,3,20,Friday,2020Q1,2020-03,0,0,80
2020,3,21,Saturday,2020Q1,2020-03,1,0,81
2020,3,22,Sunday,2020Q1,2020-03,1,0,82
2020,3,23,Monday,2020Q1,2020-03,0,0,83
2020,3,24,Tuesday,2020Q1,2020-03,0,0,84
2020,3,25,Wednesday,2020Q1,2020-03,0,0,85
2020,3,26,Thursday,2020Q1,2020-03,0,0,86
2020,3,27,Friday,2020Q1,2020-03,0,0,87
2020,3,28,Saturday,2020Q1,2020-03,1,0,88
2020,3,29,Sunday,2020Q1,2020-03,1,0,89
2020,3,30,Monday,2020Q1,2020-03,0,0,90
2020,3,31,Tuesday,2020Q1,2020-03,0,0,91
2020,4,1,Wednesday,2020Q2,2020-04,0,0,92
2020,4,2,Thursday,2020Q2,2020-04,0,0,93
2020,4,3,Friday,2020Q2,2020-04,0,0,94
2020,4,4,Saturday,2020Q2,2020-04,1,0,95
2020,4,5,Sunday,2020Q2,2020-04,1,0,96
2020,4,6,Monday,2020Q2,2020-04,0,0,97
2020,4,7,Tuesday,2020Q2,2020-04,0,0,98
2020,4,8,Wednesday,2020Q2,2020-04,0,0,99
2020,4,9,Thursday,2020Q2,2020-04,0,0,100
2020,4,10,Friday,2020Q2,2020-04,0,0,101
2020,4,11,Saturday,2020Q2,2020-04,1,0,102
2020,4,12,Sunday,2020Q2,2020-04,1,0,103
2020,4,13,Monday,2020Q2,2020-04,0,0,104
2020,4,14,Tuesday,2020Q2,2020-04,0,0,105
2020,4,15,Wednesday,2020Q2,2020-04,0,0,106
2020,4,16,Thursday,2020Q2,2020-04,0,0,107
2020,4,17,Friday,2020Q2,2020-04,0,0,108
2020,4,18,Saturday,2020Q2,2020-04,1,0,109
2020,4,19,Sunday,2020Q2,2020-04,1,0,110
2020,4,20,Monday,2020Q2,2020-04,0,0,111
2020,4,21,Tuesday,2020Q2,2020-04,0,0,112
2020,4,22,Wednesday,2020Q2,2020-04,0,0,113
2020,4,23,Thursday,2020Q2,2020-04,0,0,114
2020,4,24,Friday,2020Q2,2020-04,0,0,115
2020,4,25,Saturday,2020Q2,2020-04,1,0,116
2020,4,26,Sunday,2020Q2,2020-04,1,0,117
2020,4,27,Monday,2020Q2,2020-04,0,0,118
2020,4,28,Tuesday,2020Q2,2020-04,0,0,119
2020,4,29,Wednesday,2020Q2,2020-04,0,0,120
2020,4,30,Thursday,2020Q2,2020-04,0,0,121
2020,5,1,Friday,2020Q2,2020-05,0,0,122
2020,5,2,Saturday,2020Q2,2020-05,1,0,123
2020,5,3,Sunday,2020Q2,2020-05,1,0,124
2020,5,4,Monday,2020Q2,2020-05,0,0,125
2020,5,5,Tuesday,2020Q2,2020-05,0,0,126
2020,5,6,Wednesday,2020Q2,2020-05,0,0,127
2020,5,7,Thursday,2020Q2,2020-05,0,0,128
2020,5,8,Friday,2020Q2,2020-05,0,0,129
2020,5,9,Saturday,2020Q2,2020-05,1,0,130
2020,5,10,Sunday,2020Q2,2020-05,1,0,131
2020,5,11,Monday,2020Q2,2020-05,0,0,132
2020,5,12,Tuesday,2020Q2,2020-05,0,0,133
2020,5,13,Wednesday,2020Q2,2020-05,0,0,134
2020,5,14,Thursday,2020Q2,2020-05,0,0,135
2020,5,15,Friday,2020Q2,2020-05,0,0,136
2020,5,16,Saturday,2020Q2,2020-05,1,0,137
2020,5,17,Sunday,2020Q2,2020-05,1,0,138
2020,5,18,Monday,2020Q2,2020-05,0,0,139
2020,5,19,Tuesday,2020Q2,2020-05,0,0,140
2020,5,20,Wednesday,2020Q2,2020-05,0,0,141
2020,5,21,Thursday,2020Q2,2020-05,0,0,142
2020,5,22,Friday,2020Q2,2020-05,0,0,143
2020,5,23,Saturday,2020Q2,2020-05,1,0,144
2020,5,24,Sunday,2020Q2,2020-05,1,0,145
2020,5,25,Monday,2020Q2,2020-05,0,0,146
2020,5,26,Tuesday,2020Q2,2020-05,0,0,147
2020,5,27,Wednesday,2020Q2,2020-05,0,0,148
2020,5,28,Thursday,2020Q2,2020-05,0,0,149
2020,5,29,Friday,2020Q2,2020-05,0,0,150
2020,5,30,Saturday,2020Q2,2020-05,1,0,151
2020,5,31,Sunday,2020Q2,2020-05,1,0,152
2020,6,1,Monday,2020Q2,2020-06,0,0,153
2020,6,2,Tuesday,2020Q2,2020-06,0,0,154
2020,6,3,Wednesday,2020Q2,2020-06,0,0,155
2020,6,4,Thursday,2020Q2,2020-06,0,0,156
2020,6,5,Friday,2020Q2,2020-06,0,0,157
2020,6,6,Saturday,2020Q2,2020-06,1,0,158
2020,6,7,Sunday,2020Q2,2020-06,1,0,159
2020,6,8,Monday,2020Q2,2020-06,0,0,160
2020,6,9,Tuesday,2020Q2,2020-06,0,0,161
2020,6,10,Wednesday,2020Q2,2020-06,0,0,162
2020,6,11,Thursday,2020Q2,2020-06,0,0,163
2020,6,12,Friday,2020Q2,2020-06,0,0,164
2020,6,13,Saturday,2020Q2,2020-06,1,0,165
2020,6,14,Sunday,2020Q2,2020-06,1,0,166
2020,6,15,Monday,2020Q2,2020-06,0,0,167
2020,6,16,Tuesday,2020Q2,2020-06,0,0,168
2020,6,17,Wednesday,2020Q2,2020-06,0,0,169
2020,6,18,Thursday,2020Q2,2020-06,0,0,170
2020,6,19,Friday,2020Q2,2020-06,0,0,171
2020,6,20,Saturday,2020Q2,2020-06,1,0,172
2020,6,21,Sunday,2020Q2,2020-06,1,0,173
2020,6,22,Monday,2020Q2,2020-06,0,0,174
2020,6,23,Tuesday,2020Q2,2020-06,0,0,175
2020,6,24,Wednesday,2020Q2,2020-06,0,0,176
2020,6,25,Thursday,2020Q2,2020-06,0,0,177
2020,6,26,Friday,2020Q2,2020-06,0,0,178
2020,6,27,Saturday,2020Q2,2020-06,1,0,179
2020,6,28,Sunday,2020Q2,2020-06,1,0,180
2020,6,29,Monday,2020Q2,2020-06,0,0,181
2020,6,30,Tuesday,2020Q2,2020-06,0,0,182
2020,7,1,Wednesday,2020Q3,2020-07,0,0,183
2020,7,2,Thursday,2020Q3,2020-07,0,0,184
2020,7,3,Friday,2020Q3,2020-07,0,0,185
2020,7,4,Saturday,2020Q3,2020-07,1,0,186
2020,7,5,Sunday,2020Q3,2020-07,1,0,187
2020,7,6,Monday,2020Q3,2020-07,0,0,188
2020,7,7,Tuesday,2020Q3,2020-07,0,0,189
2020,7,8,Wednesday,2020Q3,2020-07,0,0,190
2020,7,9,Thursday,2020Q3,2020-07,0,0,191
2020,7,10,Friday,2020Q3,2020-07,0,0,192
2020,7,11,Saturday,2020Q3,2020-07,1,0,193
2020,7,12,Sunday,2020Q3,2020-07,1,0,194
2020,7,13,Monday,2020Q3,2020-07,0,0,195
2020,7,14,Tuesday,2020Q3,2020-07,0,0,196
2020,7,15,Wednesday,2020Q3,2020-07,0,0,197
2020,7,16,Thursday,2020Q3,2020-07,0,0,198
2020,7,17,Friday,2020Q3,2020-07,0,0,199
2020,7,18,Saturday,2020Q3,2020-07,1,0,200
2020,7,19,Sunday,2020Q3,2020-07,1,0,201
2020,7,20,Monday,2020Q3,2020-07,0,0,202
2020,7,21,Tuesday,2020Q3,2020-07,0,0,203
2020,7,22,Wednesday,2020Q3,2020-07,0,0,204
2020,7,23,Thursday,2020Q3,2020-07,0,0,205
2020,7,24,Friday,2020Q3,2020-07,0,0,206
2020,7,25,Saturday,2020Q3,2020-07,1,0,207
2020,7,26,Sunday,2020Q3,2020-07,1,0,208
2020,7,27,Monday,2020Q3,2020-07,0,0,209
2020,7,28,Tuesday,2020Q3,2020-07,0,0,210
2020,7,29,Wednesday,2020Q3,2020-07,0,0,211
2020,7,30,Thursday,2020Q3,2020-07,0,0,212
2020,7,31,Friday,2020Q3,2020-07,0,0,213
2020,8,1,Saturday,2020Q3,2020-08,1,0,214
2020,8,2,Sunday,2020Q3,2020-08,1,0,215
2020,8,3,Monday,2020Q3,2020-08,0,0,216
2020,8,4,Tuesday,2020Q3,2020-08,0,0,217
2020,8,5,Wednesday,2020Q3,2020-08,0,0,218
2020,8,6,Thursday,2020Q3,2020-08,0,0,219
2020,8,7,Friday,2020Q3,2020-08,0,0,220
2020,8,8,Saturday,2020Q3,2020-08,1,0,221
2020,8,9,Sunday,2020Q3,2020-08,1,0,222
2020,8,10,Monday,2020Q3,2020-08,0,0,223
2020,8,11,Tuesday,2020Q3,2020-08,0,0,224
2020,8,12,Wednesday,2020Q3,2020-08,0,0,225
2020,8,13,Thursday,2020Q3,2020-08,0,0,226
2020,8,14,Friday,2020Q3,2020-08,0,0,227
2020,8,15,Saturday,2020Q3,2020-08,1,0,228
2020,8,16,Sunday,2020Q3,2020-08,1,0,229
2020,8,17,Monday,2020Q3,2020-08,0,0,230
2020,8,18,Tuesday,2020Q3,2020-08,0,0,231
2020,8,19,Wednesday,2020Q3,2020-08,0,0,232
2020,8,20,Thursday,2020Q3,2020-08,0,0,233
2020,8,21,Friday,2020Q3,2020-08,0,0,234
2020,8,22,Saturday,2020Q3,2020-08,1,0,235
2020,8,23,Sunday,2020Q3,2020-08,1,0,236
2020,8,24,Monday,2020Q3,2020-08,0,0,237
2020,8,25,Tuesday,2020Q3,2020-08,0,0,238
2020,8,26,Wednesday,2020Q3,2020-08,0,0,239
2020,8,27,Thursday,2020Q3,2020-08,0,0,240
2020,8,28,Friday,2020Q3,2020-08,0,0,241
2020,8,29,Saturday,2020Q3,2020-08,1,0,242
2020,8,30,Sunday,2020Q3,2020-08,1,0,243
2020,8,31,Monday,2020Q3,2020-08,0,0,244
2020,9,1,Tuesday,2020Q3,2020-09,0,0,245
2020,9,2,Wednesday,2020Q3,2020-09,0,0,246
2020,9,3,Thursday,2020Q3,2020-09,0,0,247
2020,9,4,Friday,2020Q3,2020-09,0,0,248
2020,9,5,Saturday,2020Q3,2020-09,1,0,249
2020,9,6,Sunday,2020Q3,2020-09,1,0,250
2020,9,7,Monday,2020Q3,2020-09,0,0,251
2020,9,8,Tuesday,2020Q3,2020-09,0,0,252
2020,9,9,Wednesday,2020Q3,2020-09,0,0,253
2020,9,10,Thursday,2020Q3,2020-09,0,0,254
2020,9,11,Friday,2020Q3,2020-09,0,0,255
2020,9,12,Saturday,2020Q3,2020-09,1,0,256
2020,9,13,Sunday,2020Q3,2020-09,1,0,257
2020,9,14,Monday,2020Q3,2020-09,0,0,258
2020,9,15,Tuesday,2020Q3,2020-09,0,0,259
2020,9,16,Wednesday,2020Q3,2020-09,0,0,260
2020,9,17,Thursday,2020Q3,2020-09,0,0,261
2020,9,18,Friday,2020Q3,2020-09,0,0,262
2020,9,19,Saturday,2020Q3,2020-09,1,0,263
2020,9,20,Sunday,2020Q3,2020-09,1,0,264
2020,9,21,Monday,2020Q3,2020-09,0,0,265
2020,9,22,Tuesday,2020Q3,2020-09,0,0,266
2020,9,23,Wednesday,2020Q3,2020-09,0,0,267
2020,9,24,Thursday,2020Q3,2020-09,0,0,268
2020,9,25,Friday,2020Q3,2020-09,0,0,269
2020,9,26,Saturday,2020Q3,2020-09,1,0,270
2020,9,27,Sunday,2020Q3,2020-09,1,0,271
2020,9,28,Monday,2020Q3,2020-09,0,0,272
2020,9,29,Tuesday,2020Q3,2020-09,0,0,273
2020,9,30,Wednesday,2020Q3,2020-09,0,0,274
2020,10,1,Thursday,2020Q4,2020-10,0,0,275
2020,10,2,Friday,2020Q4,2020-10,0,0,276
2020,10,3,Saturday,2020Q4,2020-10,1,0,277
2020,10,4,Sunday,2020Q4,2020-10,1,0,278
2020,10,5,Monday,2020Q4,2020-10,0,0,279
2020,10,6,Tuesday,2020Q4,2020-10,0,0,280
2020,10,7,Wednesday,2020Q4,2020-10,0,0,281
2020,10,8,Thursday,2020Q4,2020-10,0,0,282
2020,10,9,Friday,2020Q4,2020-10,0,0,283
2020,10,10,Saturday,2020Q4,2020-10,1,0,284
2020,10,11,Sunday,2020Q4,2020-10,1,0,285
2020,10,12,Monday,2020Q4,2020-10,0,0,286
2020,10,13,Tuesday,2020Q4,2020-10,0,0,287
2020,10,14,Wednesday,2020Q4,2020-10,0,0,288
2020,10,15,Thursday,2020Q4,2020-10,0,0,289
2020,10,16,Friday,2020Q4,2020-10,0,0,290
2020,10,17,Saturday,2020Q4,2020-10,1,0,291
2020,10,18,Sunday,2020Q4,2020-10,1,0,292
2020,10,19,Monday,2020Q4,2020-10,0,0,293
2020,10,20,Tuesday,2020Q4,2020-10,0,0,294
2020,10,21,Wednesday,2020Q4,2020-10,0,0,295
2020,10,22,Thursday,2020Q4,2020-10,0,0,296
2020,10,23,Friday,2020Q4,2020-10,0,0,297
2020,10,24,Saturday,2020Q4,2020-10,1,0,298
2020,10,25,Sunday,2020Q4,2020-10,1,0,299
2020,10,26,Monday,2020Q4,2020-10,0,0,300
2020,10,27,Tuesday,2020Q4,2020-10,0,0,301
2020,10,28,Wednesday,2020Q4,2020-10,0,0,302
2020,10,29,Thursday,2020Q4,2020-10,0,0,303
2020,10,30,Friday,2020Q4,2020-10,0,0,304
2020,10,31,Saturday,2020Q4,2020-10,1,0,305
2020,11,1,Sunday,2020Q4,2020-11,1,0,306
2020,11,2,Monday,2020Q4,2020-11,0,0,307
2020,11,3,Tuesday,2020Q4,2020-11,0,0,308
2020,11,4,Wednesday,2020Q4,2020-11,0,0,309
2020,11,5,Thursday,2020Q4,2020-11,0,0,310
2020,11,6,Friday,2020Q4,2020-11,0,0,311
2020,11,7,Saturday,2020Q4,2020-11,1,0,312
2020,11,8,Sunday,2020Q4,2020-11,1,0,313
2020,11,9,Monday,2020Q4,2020-11,0,0,314
2020,11,10,Tuesday,2020Q4,2020-11,0,0,315
2020,11,11,Wednesday,2020Q4,2020-11,0,0,316
2020,11,12,Thursday,2020Q4,2020-11,0,0,317
2020,11,13,Friday,2020Q4,2020-11,0,0,318
2020,11,14,Saturday,2020Q4,2020-11,1,0,319
2020,11,15,Sunday,2020Q4,2020-11,1,0,320
2020,11,16,Monday,2020Q4,2020-11,0,0,321
2020,11,17,Tuesday,2020Q4,2020-11,0,0,322
2020,11,18,Wednesday,2020Q4,2020-11,0,0,323
2020,11,19,Thursday,2020Q4,2020-11,0,0,324
2020,11,20,Friday,2020Q4,2020-11,0,0,325
2020,11,21,Saturday,2020Q4,2020-11,1,0,326
2020,11,22,Sunday,2020Q4,2020-11,1,0,327
2020,11,23,Monday,2020Q4,2020-11,0,0,328
2020,11,24,Tuesday,2020Q4,2020-11,0,0,329
2020,11,25,Wednesday,2020Q4,2020-11,0,0,330
2020,11,26,Thursday,2020Q4,2020-11,0,0,331
2020,11,27,Friday,2020Q4,2020-11,0,0,332
2020,11,28,Saturday,2020Q4,2020-11,1,0,333
2020,11,29,Sunday,2020Q4,2020-11,1,0,334
2020,11,30,Monday,2020Q4,2020-11,0,0,335
2020,12,1,Tuesday,2020Q4,2020-12,0,0,336
2020,12,2,Wednesday,2020Q4,2020-12,0,0,337
2020,12,3,Thursday,2020Q4,2020-12,0,0,338
2020,12,4,Friday,2020Q4,2020-12,0,0,339
2020,12,5,Saturday,2020Q4,2020-12,1,0,340
2020,12,6,Sunday,2020Q4,2020-12,1,0,341
2020,12,7,Monday,2020Q4,2020-12,0,0,342
2020,12,8,Tuesday,2020Q4,2020-12,0,0,343
2020,12,9,Wednesday,2020Q4,2020-12,0,0,344
2020,12,10,Thursday,2020Q4,2020-12,0,0,345
2020,12,11,Friday,2020Q4,2020-12,0,0,346
2020,12,12,Saturday,2020Q4,2020-12,1,0,347
2020,12,13,Sunday,2020Q4,2020-12,1,0,348
2020,12,14,Monday,2020Q4,2020-12,0,0,349
2020,12,15,Tuesday,2020Q4,2020-12,0,0,350
2020,12,16,Wednesday,2020Q4,2020-12,0,0,351
2020,12,17,Thursday,2020Q4,2020-12,0,0,352
2020,12,18,Friday,2020Q4,2020-12,0,0,353
2020,12,19,Saturday,2020Q4,2020-12,1,0,354
2020,12,20,Sunday,2020Q4,2020-12,1,0,355
2020,12,21,Monday,2020Q4,2020-12,0,0,356
2020,12,22,Tuesday,2020Q4,2020-12,0,0,357
2020,12,23,Wednesday,2020Q4,2020-12,0,0,358
2020,12,24,Thursday,2020Q4,2020-12,0,0,359
2020,12,25,Friday,2020Q4,2020-12,0,0,360
2020,12,26,Saturday,2020Q4,2020-12,1,0,361
2020,12,27,Sunday,2020Q4,2020-12,1,0,362
2020,12,28,Monday,2020Q4,2020-12,0,0,363
2020,12,29,Tuesday,2020Q4,2020-12,0,0,364
2020,12,30,Wednesday,2020Q4,2020-12,0,0,365
2020,12,31,Thursday,2020Q4,2020-12,0,0,366
2021,1,1,Friday,2021Q1,2021-01,0,0,367
2021,1,2,Saturday,2021Q1,2021-01,1,0,368
2021,1,3,Sunday,2021Q1,2021-01,1,0,369
2021,1,4,Monday,2021Q1,2021-01,0,0,370
2021,1,5,Tuesday,2021Q1,2021-01,0,0,371
2021,1,6,Wednesday,2021Q1,2021-01,0,0,372
2021,1,7,Thursday,2021Q1,2021-01,0,0,373
2021,1,8,Friday,2021Q1,2021-01,0,0,374
2021,1,9,Saturday,2021Q1,2021-01,1,0,375
2021,1,10,Sunday,2021Q1,2021-01,1,0,376
2021,1,11,Monday,2021Q1,2021-01,0,0,377
2021,1,12,Tuesday,2021Q1,2021-01,0,0,378
2021,1,13,Wednesday,2021Q1,2021-01,0,0,379
2021,1,14,Thursday,2021Q1,2021-01,0,0,380
2021,1,15,Friday,2021Q1,2021-01,0,0,381
2021,1,16,Saturday,2021Q1,2021-01,1,0,382
2021,1,17,Sunday,2021Q1,2021-01,1,0,383
2021,1,18,Monday,2021Q1,2021-01,0,0,384
2021,1,19,Tuesday,2021Q1,2021-01,0,0,385
2021,1,20,Wednesday,2021Q1,2021-01,0,0,386
2021,1,21,Thursday,2021Q1,2021-01,0,0,387
2021,1,22,Friday,2021Q1,2021-01,0,0,388
2021,1,23,Saturday,2021Q1,2021-01,1,0,389
2021,1,24,Sunday,2021Q1,2021-01,1,0,390
2021,1,25,Monday,2021Q1,2021-01,0,0,391
2021,1,26,Tuesday,2021Q1,2021-01,0,0,392
2021,1,27,Wednesday,2021Q1,2021-01,0,0,393
2021,1,28,Thursday,2021Q1,2021-01,0,0,394
2021,1,29,Friday,2021Q1,2021-01,0,0,395
2021,1,30,Saturday,2021Q1,2021-01,1,0,396
2021,1,31,Sunday,2021Q1,2021-01,1,0,397
2021,2,1,Monday,2021Q1,2021-02,0,0,398
2021,2,2,Tuesday,2021Q1,2021-02,0,0,399
2021,2,3,Wednesday,2021Q1,2021-02,0,0,400
2021,2,4,Thursday,2021Q1,2021-02,0,0,401
2021,2,5,Friday,2021Q1,2021-02,0,0,402
2021,2,6,Saturday,2021Q1,2021-02,1,0,403
2021,2,7,Sunday,2021Q1,2021-02,1,0,404
2021,2,8,Monday,2021Q1,2021-02,0,0,405
2021,2,9,Tuesday,2021Q1,2021-02,0,0,406
2021,2,10,Wednesday,2021Q1,2021-02,0,0,407
2021,2,11,Thursday,2021Q1,2021-02,0,0,408
2021,2,12,Friday,2021Q1,2021-02,0,0,409
2021,2,13,Saturday,2021Q1,2021-02,1,0,410
2021,2,14,Sunday,2021Q1,2021-02,1,0,411
2021,2,15,Monday,2021Q1,2021-02,0,0,412
2021,2,16,Tuesday,2021Q1,2021-02,0,0,413
2021,2,17,Wednesday,2021Q1,2021-02,0,0,414
2021,2,18,Thursday,2021Q1,2021-02,0,0,415
2021,2,19,Friday,2021Q1,2021-02,0,0,416
2021,2,20,Saturday,2021Q1,2021-02,1,0,417
2021,2,21,Sunday,2021Q1,2021-02,1,0,418
2021,2,22,Monday,2021Q1,2021-02,0,0,419
2021,2,23,Tuesday,2021Q1,2021-02,0,0,420
2021,2,24,Wednesday,2021Q1,2021-02,0,0,421
2021,2,25,Thursday,2021Q1,2021-02,0,0,422
2021,2,26,Friday,2021Q1,2021-02,0,0,423
2021,2,27,Saturday,2021Q1,2021-02,1,0,424
2021,2,28,Sunday,2021Q1,2021-02,1,0,425
2021,3,1,Monday,2021Q1,2021-03,0,0,426
2021,3,2,Tuesday,2021Q1,2021-03,0,0,427
2021,3,3,Wednesday,2021Q1,2021-03,0,0,428
2021,3,4,Thursday,2021Q1,2021-03,0,0,429
2021,3,5,Friday,2021Q1,2021-03,0,0,430
2021,3,6,Saturday,2021Q1,2021-03,1,0,431
2021,3,7,Sunday,2021Q1,2021-03,1,0,432
2021,3,8,Monday,2021Q1,2021-03,0,0,433
2021,3,9,Tuesday,2021Q1,2021-03,0,0,434
2021,3,10,Wednesday,2021Q1,2021-03,0,0,435
2021,3,11,Thursday,2021Q1,2021-03,0,0,436
2021,3,12,Friday,2021Q1,2021-03,0,0,437
2021,3,13,Saturday,2021Q1,2021-03,1,0,438
2021,3,14,Sunday,2021Q1,2021-03,1,0,439
2021,3,15,Monday,2021Q1,2021-03,0,0,440
2021,3,16,Tuesday,2021Q1,2021-03,0,0,441
2021,3,17,Wednesday,2021Q1,2021-03,0,0,442
2021,3,18,Thursday,2021Q1,2021-03,0,0,443
2021,3,19,Friday,2021Q1,2021-03,0,0,444
2021,3,20,Saturday,2021Q1,2021-03,1,0,445
2021,3,21,Sunday,2021Q1,2021-03,1,0,446
2021,3,22,Monday,2021Q1,2021-03,0,0,447
2021,3,23,Tuesday,2021Q1,2021-03,0,0,448
2021,3,24,Wednesday,2021Q1,2021-03,0,0,449
2021,3,25,Thursday,2021Q1,2021-03,0,0,450
2021,3,26,Friday,2021Q1,2021-03,0,0,451
2021,3,27,Saturday,2021Q1,2021-03,1,0,452
2021,3,28,Sunday,2021Q1,2021-03,1,0,453
2021,3,29,Monday,2021Q1,2021-03,0,0,454
2021,3,30,Tuesday,2021Q1,2021-03,0,0,455
2021,3,31,Wednesday,2021Q1,2021-03,0,0,456
2021,4,1,Thursday,2021Q2,2021-04,0,0,457
2021,4,2,Friday,2021Q2,2021-04,0,0,458
2021,4,3,Saturday,2021Q2,2021-04,1,0,459
2021,4,4,Sunday,2021Q2,2021-04,1,0,460
2021,4,5,Monday,2021Q2,2021-04,0,0,461
2021,4,6,Tuesday,2021Q2,2021-04,0,0,462
2021,4,7,Wednesday,2021Q2,2021-04,0,0,463
2021,4,8,Thursday,2021Q2,2021-04,0,0,464
2021,4,9,Friday,2021Q2,2021-04,0,0,465
2021,4,10,Saturday,2021Q2,2021-04,1,0,466
2021,4,11,Sunday,2021Q2,2021-04,1,0,467
2021,4,12,Monday,2021Q2,2021-04,0,0,468
2021,4,13,Tuesday,2021Q2,2021-04,0,0,469
2021,4,14,Wednesday,2021Q2,2021-04,0,0,470
2021,4,15,Thursday,2021Q2,2021-04,0,0,471
2021,4,16,Friday,2021Q2,2021-04,0,0,472
2021,4,17,Saturday,2021Q2,2021-04,1,0,473
2021,4,18,Sunday,2021Q2,2021-04,1,0,474
2021,4,19,Monday,2021Q2,2021-04,0,0,475
2021,4,20,Tuesday,2021Q2,2021-04,0,0,476
2021,4,21,Wednesday,2021Q2,2021-04,0,0,477
2021,4,22,Thursday,2021Q2,2021-04,0,0,478
2021,4,23,Friday,2021Q2,2021-04,0,0,479
2021,4,24,Saturday,2021Q2,2021-04,1,0,480
2021,4,25,Sunday,2021Q2,2021-04,1,0,481
2021,4,26,Monday,2021Q2,2021-04,0,0,482
2021,4,27,Tuesday,2021Q2,2021-04,0,0,483
2021,4,28,Wednesday,2021Q2,2021-04,0,0,484
2021,4,29,Thursday,2021Q2,2021-04,0,0,485
2021,4,30,Friday,2021Q2,2021-04,0,0,486
2021,5,1,Saturday,2021Q2,2021-05,1,0,487
2021,5,2,Sunday,2021Q2,2021-05,1,0,488
2021,5,3,Monday,2021Q2,2021-05,0,0,489
2021,5,4,Tuesday,2021Q2,2021-05,0,0,490
2021,5,5,Wednesday,2021Q2,2021-05,0,0,491
2021,5,6,Thursday,2021Q2,2021-05,0,0,492
2021,5,7,Friday,2021Q2,2021-05,0,0,493
2021,5,8,Saturday,2021Q2,2021-05,1,0,494
2021,5,9,Sunday,2021Q2,2021-05,1,0,495
2021,5,10,Monday,2021Q2,2021-05,0,0,496
2021,5,11,Tuesday,2021Q2,2021-05,0,0,497
2021,5,12,Wednesday,2021Q2,2021-05,0,0,498
2021,5,13,Thursday,2021Q2,2021-05,0,0,499
2021,5,14,Friday,2021Q2,2021-05,0,0,500
2021,5,15,Saturday,2021Q2,2021-05,1,0,501
2021,5,16,Sunday,2021Q2,2021-05,1,0,502
2021,5,17,Monday,2021Q2,2021-05,0,0,503
2021,5,18,Tuesday,2021Q2,2021-05,0,0,504
2021,5,19,Wednesday,2021Q2,2021-05,0,0,505
2021,5,20,Thursday,2021Q2,2021-05,0,0,506
2021,5,21,Friday,2021Q2,2021-05,0,0,507
2021,5,22,Saturday,2021Q2,2021-05,1,0,508
2021,5,23,Sunday,2021Q2,2021-05,1,0,509
2021,5,24,Monday,2021Q2,2021-05,0,0,510
2021,5,25,Tuesday,2021Q2,2021-05,0,0,511
2021,5,26,Wednesday,2021Q2,2021-05,0,0,512
2021,5,27,Thursday,2021Q2,2021-05,0,0,513
2021,5,28,Friday,2021Q2,2021-05,0,0,514
2021,5,29,Saturday,2021Q2,2021-05,1,0,515
2021,5,30,Sunday,2021Q2,2021-05,1,0,516
2021,5,31,Monday,2021Q2,2021-05,0,0,517
2021,6,1,Tuesday,2021Q2,2021-06,0,0,518
2021,6,2,Wednesday,2021Q2,2021-06,0,0,519
2021,6,3,Thursday,2021Q2,2021-06,0,0,520
2021,6,4,Friday,2021Q2,2021-06,0,0,521
2021,6,5,Saturday,2021Q2,2021-06,1,0,522
2021,6,6,Sunday,2021Q2,2021-06,1,0,523
2021,6,7,Monday,2021Q2,2021-06,0,0,524
2021,6,8,Tuesday,2021Q2,2021-06,0,0,525
2021,6,9,Wednesday,2021Q2,2021-06,0,0,526
2021,6,10,Thursday,2021Q2,2021-06,0,0,527
2021,6,11,Friday,2021Q2,2021-06,0,0,528
2021,6,12,Saturday,2021Q2,2021-06,1,0,529
2021,6,13,Sunday,2021Q2,2021-06,1,0,530
2021,6,14,Monday,2021Q2,2021-06,0,0,531
2021,6,15,Tuesday,2021Q2,2021-06,0,0,532
2021,6,16,Wednesday,2021Q2,2021-06,0,0,533
2021,6,17,Thursday,2021Q2,2021-06,0,0,534
2021,6,18,Friday,2021Q2,2021-06,0,0,535
2021,6,19,Saturday,2021Q2,2021-06,1,0,536
2021,6,20,Sunday,2021Q2,2021-06,1,0,537
2021,6,21,Monday,2021Q2,2021-06,0,0,538
2021,6,22,Tuesday,2021Q2,2021-06,0,0,539
2021,6,23,Wednesday,2021Q2,2021-06,0,0,540
2021,6,24,Thursday,2021Q2,2021-06,0,0,541
2021,6,25,Friday,2021Q2,2021-06,0,0,542
2021,6,26,Saturday,2021Q2,2021-06,1,0,543
2021,6,27,Sunday,2021Q2,2021-06,1,0,544
2021,6,28,Monday,2021Q2,2021-06,0,0,545
2021,6,29,Tuesday,2021Q2,2021-06,0,0,546
2021,6,30,Wednesday,2021Q2,2021-06,0,0,547
2021,7,1,Thursday,2021Q3,2021-07,0,0,548
2021,7,2,Friday,2021Q3,2021-07,0,0,549
2021,7,3,Saturday,2021Q3,2021-07,1,0,550
2021,7,4,Sunday,2021Q3,2021-07,1,0,551
2021,7,5,Monday,2021Q3,2021-07,0,0,552
2021,7,6,Tuesday,2021Q3,2021-07,0,0,553
2021,7,7,Wednesday,2021Q3,2021-07,0,0,554
2021,7,8,Thursday,2021Q3,2021-07,0,0,555
2021,7,9,Friday,2021Q3,2021-07,0,0,556
2021,7,10,Saturday,2021Q3,2021-07,1,0,557
2021,7,11,Sunday,2021Q3,2021-07,1,0,558
2021,7,12,Monday,2021Q3,2021-07,0,0,559
2021,7,13,Tuesday,2021Q3,2021-07,0,0,560
2021,7,14,Wednesday,2021Q3,2021-07,0,0,561
2021,7,15,Thursday,2021Q3,2021-07,0,0,562
2021,7,16,Friday,2021Q3,2021-07,0,0,563
2021,7,17,Saturday,2021Q3,2021-07,1,0,564
2021,7,18,Sunday,2021Q3,2021-07,1,0,565
2021,7,19,Monday,2021Q3,2021-07,0,0,566
2021,7,20,Tuesday,2021Q3,2021-07,0,0,567
2021,7,21,Wednesday,2021Q3,2021-07,0,0,568
2021,7,22,Thursday,2021Q3,2021-07,0,0,569
2021,7,23,Friday,2021Q3,2021-07,0,0,570
2021,7,24,Saturday,2021Q3,2021-07,1,0,571
2021,7,25,Sunday,2021Q3,2021-07,1,0,572
2021,7,26,Monday,2021Q3,2021-07,0,0,573
2021,7,27,Tuesday,2021Q3,2021-07,0,0,574
2021,7,28,Wednesday,2021Q3,2021-07,0,0,575
2021,7,29,Thursday,2021Q3,2021-07,0,0,576
2021,7,30,Friday,2021Q3,2021-07,0,0,577
2021,7,31,Saturday,2021Q3,2021-07,1,0,578
2021,8,1,Sunday,2021Q3,2021-08,1,0,579
2021,8,2,Monday,2021Q3,2021-08,0,0,580
2021,8,3,Tuesday,2021Q3,2021-08,0,0,581
2021,8,4,Wednesday,2021Q3,2021-08,0,0,582
2021,8,5,Thursday,2021Q3,2021-08,0,0,583
2021,8,6,Friday,2021Q3,2021-08,0,0,584
2021,8,7,Saturday,2021Q3,2021-08,1,0,585
2021,8,8,Sunday,2021Q3,2021-08,1,0,586
2021,8,9,Monday,2021Q3,2021-08,0,0,587
2021,8,10,Tuesday,2021Q3,2021-08,0,0,588
2021,8,11,Wednesday,2021Q3,2021-08,0,0,589
2021,8,12,Thursday,2021Q3,2021-08,0,0,590
2021,8,13,Friday,2021Q3,2021-08,0,0,591
2021,8,14,Saturday,2021Q3,2021-08,1,0,592
2021,8,15,Sunday,2021Q3,2021-08,1,0,593
2021,8,16,Monday,2021Q3,2021-08,0,0,594
2021,8,17,Tuesday,2021Q3,2021-08,0,0,595
2021,8,18,Wednesday,2021Q3,2021-08,0,0,596
2021,8,19,Thursday,2021Q3,2021-08,0,0,597
2021,8,20,Friday,2021Q3,2021-08,0,0,598
2021,8,21,Saturday,2021Q3,2021-08,1,0,599
2021,8,22,Sunday,2021Q3,2021-08,1,0,600
2021,8,23,Monday,2021Q3,2021-08,0,0,601
2021,8,24,Tuesday,2021Q3,2021-08,0,0,602
2021,8,25,Wednesday,2021Q3,2021-08,0,0,603
2021,8,26,Thursday,2021Q3,2021-08,0,0,604
2021,8,27,Friday,2021Q3,2021-08,0,0,605
2021,8,28,Saturday,2021Q3,2021-08,1,0,606
2021,8,29,Sunday,2021Q3,2021-08,1,0,607
2021,8,30,Monday,2021Q3,2021-08,0,0,608
2021,8,31,Tuesday,2021Q3,2021-08,0,0,609
2021,9,1,Wednesday,2021Q3,2021-09,0,0,610
2021,9,2,Thursday,2021Q3,2021-09,0,0,611
2021,9,3,Friday,2021Q3,2021-09,0,0,612
2021,9,4,Saturday,2021Q3,2021-09,1,0,613
2021,9,5,Sunday,2021Q3,2021-09,1,0,614
2021,9,6,Monday,2021Q3,2021-09,0,0,615
2021,9,7,Tuesday,2021Q3,2021-09,0,0,616
2021,9,8,Wednesday,2021Q3,2021-09,0,0,617
2021,9,9,Thursday,2021Q3,2021-09,0,0,618
2021,9,10,Friday,2021Q3,2021-09,0,0,619
2021,9,11,Saturday,2021Q3,2021-09,1,0,620
2021,9,12,Sunday,2021Q3,2021-09,1,0,621
2021,9,13,Monday,2021Q3,2021-09,0,0,622
2021,9,14,Tuesday,2021Q3,2021-09,0,0,623
2021,9,15,Wednesday,2021Q3,2021-09,0,0,624
2021,9,16,Thursday,2021Q3,2021-09,0,0,625
2021,9,17,Friday,2021Q3,2021-09,0,0,626
2021,9,18,Saturday,2021Q3,2021-09,1,0,627
2021,9,19,Sunday,2021Q3,2021-09,1,0,628
2021,9,20,Monday,2021Q3,2021-09,0,0,629
2021,9,21,Tuesday,2021Q3,2021-09,0,0,630
2021,9,22,Wednesday,2021Q3,2021-09,0,0,631
2021,9,23,Thursday,2021Q3,2021-09,0,0,632
2021,9,24,Friday,2021Q3,2021-09,0,0,633
2021,9,25,Saturday,2021Q3,2021-09,1,0,634
2021,9,26,Sunday,2021Q3,2021-09,1,0,635
2021,9,27,Monday,2021Q3,2021-09,0,0,636
2021,9,28,Tuesday,2021Q3,2021-09,0,0,637
2021,9,29,Wednesday,2021Q3,2021-09,0,0,638
2021,9,30,Thursday,2021Q3,2021-09,0,0,639
2021,10,1,Friday,2021Q4,2021-10,0,0,640
2021,10,2,Saturday,2021Q4,2021-10,1,0,641
2021,10,3,Sunday,2021Q4,2021-10,1,0,642
2021,10,4,Monday,2021Q4,2021-10,0,0,643
2021,10,5,Tuesday,2021Q4,2021-10,0,0,644
2021,10,6,Wednesday,2021Q4,2021-10,0,0,645
2021,10,7,Thursday,2021Q4,2021-10,0,0,646
2021,10,8,Friday,2021Q4,2021-10,0,0,647
2021,10,9,Saturday,2021Q4,2021-10,1,0,648
2021,10,10,Sunday,2021Q4,2021-10,1,0,649
2021,10,11,Monday,2021Q4,2021-10,0,0,650
2021,10,12,Tuesday,2021Q4,2021-10,0,0,651
2021,10,13,Wednesday,2021Q4,2021-10,0,0,652
2021,10,14,Thursday,2021Q4,2021-10,0,0,653
2021,10,15,Friday,2021Q4,2021-10,0,0,654
2021,10,16,Saturday,2021Q4,2021-10,1,0,655
2021,10,17,Sunday,2021Q4,2021-10,1,0,656
2021,10,18,Monday,2021Q4,2021-10,0,0,657
2021,10,19,Tuesday,2021Q4,2021-10,0,0,658
2021,10,20,Wednesday,2021Q4,2021-10,0,0,659
2021,10,21,Thursday,2021Q4,2021-10,0,0,660
2021,10,22,Friday,2021Q4,2021-10,0,0,661
2021,10,23,Saturday,2021Q4,2021-10,1,0,662
2021,10,24,Sunday,2021Q4,2021-10,1,0,663
2021,10,25,Monday,2021Q4,2021-10,0,0,664
2021,10,26,Tuesday,2021Q4,2021-10,0,0,665
2021,10,27,Wednesday,2021Q4,2021-10,0,0,666
2021,10,28,Thursday,2021Q4,2021-10,0,0,667
2021,10,29,Friday,2021Q4,2021-10,0,0,668
2021,10,30,Saturday,2021Q4,2021-10,1,0,669
2021,10,31,Sunday,2021Q4,2021-10,1,0,670
2021,11,1,Monday,2021Q4,2021-11,0,0,671
2021,11,2,Tuesday,2021Q4,2021-11,0,0,672
2021,11,3,Wednesday,2021Q4,2021-11,0,0,673
2021,11,4,Thursday,2021Q4,2021-11,0,0,674
2021,11,5,Friday,2021Q4,2021-11,0,0,675
2021,11,6,Saturday,2021Q4,2021-11,1,0,676
2021,11,7,Sunday,2021Q4,2021-11,1,0,677
2021,11,8,Monday,2021Q4,2021-11,0,0,678
2021,11,9,Tuesday,2021Q4,2021-11,0,0,679
2021,11,10,Wednesday,2021Q4,2021-11,0,0,680
2021,11,11,Thursday,2021Q4,2021-11,0,0,681
2021,11,12,Friday,2021Q4,2021-11,0,0,682
2021,11,13,Saturday,2021Q4,2021-11,1,0,683
2021,11,14,Sunday,2021Q4,2021-11,1,0,684
2021,11,15,Monday,2021Q4,2021-11,0,0,685
2021,11,16,Tuesday,2021Q4,2021-11,0,0,686
2021,11,17,Wednesday,2021Q4,2021-11,0,0,687
2021,11,18,Thursday,2021Q4,2021-11,0,0,688
2021,11,19,Friday,2021Q4,2021-11,0,0,689
2021,11,20,Saturday,2021Q4,2021-11,1,0,690
2021,11,21,Sunday,2021Q4,2021-11,1,0,691
2021,11,22,Monday,2021Q4,2021-11,0,0,692
2021,11,23,Tuesday,2021Q4,2021-11,0,0,693
2021,11,24,Wednesday,2021Q4,2021-11,0,0,694
2021,11,25,Thursday,2021Q4,2021-11,0,0,695
2021,11,26,Friday,2021Q4,2021-11,0,0,696
2021,11,27,Saturday,2021Q4,2021-11,1,0,697
2021,11,28,Sunday,2021Q4,2021-11,1,0,698
2021,11,29,Monday,2021Q4,2021-11,0,0,699
2021,11,30,Tuesday,2021Q4,2021-11,0,0,700
2021,12,1,Wednesday,2021Q4,2021-12,0,0,701
2021,12,2,Thursday,2021Q4,2021-12,0,0,702
2021,12,3,Friday,2021Q4,2021-12,0,0,703
2021,12,4,Saturday,2021Q4,2021-12,1,0,704
2021,12,5,Sunday,2021Q4,2021-12,1,0,705
2021,12,6,Monday,2021Q4,2021-12,0,0,706
2021,12,7,Tuesday,2021Q4,2021-12,0,0,707
2021,12,8,Wednesday,2021Q4,2021-12,0,0,708
2021,12,9,Thursday,2021Q4,2021-12,0,0,709
2021,12,10,Friday,2021Q4,2021-12,0,0,710
2021,12,11,Saturday,2021Q4,2021-12,1,0,711
2021,12,12,Sunday,2021Q4,2021-12,1,0,712
2021,12,13,Monday,2021Q4,2021-12,0,0,713
2021,12,14,Tuesday,2021Q4,2021-12,0,0,714
2021,12,15,Wednesday,2021Q4,2021-12,0,0,715
2021,12,16,Thursday,2021Q4,2021-12,0,0,716
2021,12,17,Friday,2021Q4,2021-12,0,0,717
2021,12,18,Saturday,2021Q4,2021-12,1,0,718
2021,12,19,Sunday,2021Q4,2021-12,1,0,719
2021,12,20,Monday,2021Q4,2021-12,0,0,720
2021,12,21,Tuesday,2021Q4,2021-12,0,0,721
2021,12,22,Wednesday,2021Q4,2021-12,0,0,722
2021,12,23,Thursday,2021Q4,2021-12,0,0,723
2021,12,24,Friday,2021Q4,2021-12,0,0,724
2021,12,25,Saturday,2021Q4,2021-12,1,0,725
2021,12,26,Sunday,2021Q4,2021-12,1,0,726
2021,12,27,Monday,2021Q4,2021-12,0,0,727
2021,12,28,Tuesday,2021Q4,2021-12,0,0,728
2021,12,29,Wednesday,2021Q4,2021-12,0,0,729
2021,12,30,Thursday,2021Q4,2021-12,0,0,730
2021,12,31,Friday,2021Q4,2021-12,0,0,731
2022,1,1,Saturday,2022Q1,2022-01,1,0,732
2022,1,2,Sunday,2022Q1,2022-01,1,0,733
2022,1,3,Monday,2022Q1,2022-01,0,0,734
2022,1,4,Tuesday,2022Q1,2022-01,0,0,735
2022,1,5,Wednesday,2022Q1,2022-01,0,0,736
2022,1,6,Thursday,2022Q1,2022-01,0,0,737
2022,1,7,Friday,2022Q1,2022-01,0,0,738
2022,1,8,Saturday,2022Q1,2022-01,1,0,739
2022,1,9,Sunday,2022Q1,2022-01,1,0,740
2022,1,10,Monday,2022Q1,2022-01,0,0,741
2022,1,11,Tuesday,2022Q1,2022-01,0,0,742
2022,1,12,Wednesday,2022Q1,2022-01,0,0,743
2022,1,13,Thursday,2022Q1,2022-01,0,0,744
2022,1,14,Friday,2022Q1,2022-01,0,0,745
2022,1,15,Saturday,2022Q1,2022-01,1,0,746
2022,1,16,Sunday,2022Q1,2022-01,1,0,747
2022,1,17,Monday,2022Q1,2022-01,0,0,748
2022,1,18,Tuesday,2022Q1,2022-01,0,0,749
2022,1,19,Wednesday,2022Q1,2022-01,0,0,750
2022,1,20,Thursday,2022Q1,2022-01,0,0,751
2022,1,21,Friday,2022Q1,2022-01,0,0,752
2022,1,22,Saturday,2022Q1,2022-01,1,0,753
2022,1,23,Sunday,2022Q1,2022-01,1,0,754
2022,1,24,Monday,2022Q1,2022-01,0,0,755
2022,1,25,Tuesday,2022Q1,2022-01,0,0,756
2022,1,26,Wednesday,2022Q1,2022-01,0,0,757
2022,1,27,Thursday,2022Q1,2022-01,0,0,758
2022,1,28,Friday,2022Q1,2022-01,0,0,759
2022,1,29,Saturday,2022Q1,2022-01,1,0,760
2022,1,30,Sunday,2022Q1,2022-01,1,0,761
2022,1,31,Monday,2022Q1,2022-01,0,0,762
2022,2,1,Tuesday,2022Q1,2022-02,0,0,763
2022,2,2,Wednesday,2022Q1,2022-02,0,0,764
2022,2,3,Thursday,2022Q1,2022-02,0,0,765
2022,2,4,Friday,2022Q1,2022-02,0,0,766
2022,2,5,Saturday,2022Q1,2022-02,1,0,767
2022,2,6,Sunday,2022Q1,2022-02,1,0,768
2022,2,7,Monday,2022Q1,2022-02,0,0,769
2022,2,8,Tuesday,2022Q1,2022-02,0,0,770
2022,2,9,Wednesday,2022Q1,2022-02,0,0,771
2022,2,10,Thursday,2022Q1,2022-02,0,0,772
2022,2,11,Friday,2022Q1,2022-02,0,0,773
2022,2,12,Saturday,2022Q1,2022-02,1,0,774
2022,2,13,Sunday,2022Q1,2022-02,1,0,775
2022,2,14,Monday,2022Q1,2022-02,0,0,776
2022,2,15,Tuesday,2022Q1,2022-02,0,0,777
2022,2,16,Wednesday,2022Q1,2022-02,0,0,778
2022,2,17,Thursday,2022Q1,2022-02,0,0,779
2022,2,18,Friday,2022Q1,2022-02,0,0,780
2022,2,19,Saturday,2022Q1,2022-02,1,0,781
2022,2,20,Sunday,2022Q1,2022-02,1,0,782
2022,2,21,Monday,2022Q1,2022-02,0,0,783
2022,2,22,Tuesday,2022Q1,2022-02,0,0,784
2022,2,23,Wednesday,2022Q1,2022-02,0,0,785
2022,2,24,Thursday,2022Q1,2022-02,0,0,786
2022,2,25,Friday,2022Q1,2022-02,0,0,787
2022,2,26,Saturday,2022Q1,2022-02,1,0,788
2022,2,27,Sunday,2022Q1,2022-02,1,0,789
2022,2,28,Monday,2022Q1,2022-02,0,0,790
2022,3,1,Tuesday,2022Q1,2022-03,0,0,791
2022,3,2,Wednesday,2022Q1,2022-03,0,0,792
2022,3,3,Thursday,2022Q1,2022-03,0,0,793
2022,3,4,Friday,2022Q1,2022-03,0,0,794
2022,3,5,Saturday,2022Q1,2022-03,1,0,795
2022,3,6,Sunday,2022Q1,2022-03,1,0,796
2022,3,7,Monday,2022Q1,2022-03,0,0,797
2022,3,8,Tuesday,2022Q1,2022-03,0,0,798
2022,3,9,Wednesday,2022Q1,2022-03,0,0,799
2022,3,10,Thursday,2022Q1,2022-03,0,0,800
2022,3,11,Friday,2022Q1,2022-03,0,0,801
2022,3,12,Saturday,2022Q1,2022-03,1,0,802
2022,3,13,Sunday,2022Q1,2022-03,1,0,803
2022,3,14,Monday,2022Q1,2022-03,0,0,804
2022,3,15,Tuesday,2022Q1,2022-03,0,0,805
2022,3,16,Wednesday,2022Q1,2022-03,0,0,806
2022,3,17,Thursday,2022Q1,2022-03,0,0,807
2022,3,18,Friday,2022Q1,2022-03,0,0,808
2022,3,19,Saturday,2022Q1,2022-03,1,0,809
2022,3,20,Sunday,2022Q1,2022-03,1,0,810
2022,3,21,Monday,2022Q1,2022-03,0,0,811
2022,3,22,Tuesday,2022Q1,2022-03,0,0,812
2022,3,23,Wednesday,2022Q1,2022-03,0,0,813
2022,3,24,Thursday,2022Q1,2022-03,0,0,814
2022,3,25,Friday,2022Q1,2022-03,0,0,815
2022,3,26,Saturday,2022Q1,2022-03,1,0,816
2022,3,27,Sunday,2022Q1,2022-03,1,0,817
2022,3,28,Monday,2022Q1,2022-03,0,0,818
2022,3,29,Tuesday,2022Q1,2022-03,0,0,819
2022,3,30,Wednesday,2022Q1,2022-03,0,0,820
2022,3,31,Thursday,2022Q1,2022-03,0,0,821
2022,4,1,Friday,2022Q2,2022-04,0,0,822
2022,4,2,Saturday,2022Q2,2022-04,1,0,823
2022,4,3,Sunday,2022Q2,2022-04,1,0,824
2022,4,4,Monday,2022Q2,2022-04,0,0,825
2022,4,5,Tuesday,2022Q2,2022-04,0,0,826
2022,4,6,Wednesday,2022Q2,2022-04,0,0,827
2022,4,7,Thursday,2022Q2,2022-04,0,0,828
2022,4,8,Friday,2022Q2,2022-04,0,0,829
2022,4,9,Saturday,2022Q2,2022-04,1,0,830
2022,4,10,Sunday,2022Q2,2022-04,1,0,831
2022,4,11,Monday,2022Q2,2022-04,0,0,832
2022,4,12,Tuesday,2022Q2,2022-04,0,0,833
2022,4,13,Wednesday,2022Q2,2022-04,0,0,834
2022,4,14,Thursday,2022Q2,2022-04,0,0,835
2022,4,15,Friday,2022Q2,2022-04,0,0,836
2022,4,16,Saturday,2022Q2,2022-04,1,0,837
2022,4,17,Sunday,2022Q2,2022-04,1,0,838
2022,4,18,Monday,2022Q2,2022-04,0,0,839
2022,4,19,Tuesday,2022Q2,2022-04,0,0,840
2022,4,20,Wednesday,2022Q2,2022-04,0,0,841
2022,4,21,Thursday,2022Q2,2022-04,0,0,842
2022,4,22,Friday,2022Q2,2022-04,0,0,843
2022,4,23,Saturday,2022Q2,2022-04,1,0,844
2022,4,24,Sunday,2022Q2,2022-04,1,0,845
2022,4,25,Monday,2022Q2,2022-04,0,0,846
2022,4,26,Tuesday,2022Q2,2022-04,0,0,847
2022,4,27,Wednesday,2022Q2,2022-04,0,0,848
2022,4,28,Thursday,2022Q2,2022-04,0,0,849
2022,4,29,Friday,2022Q2,2022-04,0,0,850
2022,4,30,Saturday,2022Q2,2022-04,1,0,851
2022,5,1,Sunday,2022Q2,2022-05,1,0,852
2022,5,2,Monday,2022Q2,2022-05,0,0,853
2022,5,3,Tuesday,2022Q2,2022-05,0,0,854
2022,5,4,Wednesday,2022Q2,2022-05,0,0,855
2022,5,5,Thursday,2022Q2,2022-05,0,0,856
2022,5,6,Friday,2022Q2,2022-05,0,0,857
2022,5,7,Saturday,2022Q2,2022-05,1,0,858
2022,5,8,Sunday,2022Q2,2022-05,1,0,859
2022,5,9,Monday,2022Q2,2022-05,0,0,860
2022,5,10,Tuesday,2022Q2,2022-05,0,0,861
2022,5,11,Wednesday,2022Q2,2022-05,0,0,862
2022,5,12,Thursday,2022Q2,2022-05,0,0,863
2022,5,13,Friday,2022Q2,2022-05,0,0,864
2022,5,14,Saturday,2022Q2,2022-05,1,0,865
2022,5,15,Sunday,2022Q2,2022-05,1,0,866
2022,5,16,Monday,2022Q2,2022-05,0,0,867
2022,5,17,Tuesday,2022Q2,2022-05,0,0,868
2022,5,18,Wednesday,2022Q2,2022-05,0,0,869
2022,5,19,Thursday,2022Q2,2022-05,0,0,870
2022,5,20,Friday,2022Q2,2022-05,0,0,871
2022,5,21,Saturday,2022Q2,2022-05,1,0,872
2022,5,22,Sunday,2022Q2,2022-05,1,0,873
2022,5,23,Monday,2022Q2,2022-05,0,0,874
2022,5,24,Tuesday,2022Q2,2022-05,0,0,875
2022,5,25,Wednesday,2022Q2,2022-05,0,0,876
2022,5,26,Thursday,2022Q2,2022-05,0,0,877
2022,5,27,Friday,2022Q2,2022-05,0,0,878
2022,5,28,Saturday,2022Q2,2022-05,1,0,879
2022,5,29,Sunday,2022Q2,2022-05,1,0,880
2022,5,30,Monday,2022Q2,2022-05,0,0,881
2022,5,31,Tuesday,2022Q2,2022-05,0,0,882
2022,6,1,Wednesday,2022Q2,2022-06,0,0,883
2022,6,2,Thursday,2022Q2,2022-06,0,0,884
2022,6,3,Friday,2022Q2,2022-06,0,0,885
2022,6,4,Saturday,2022Q2,2022-06,1,0,886
2022,6,5,Sunday,2022Q2,2022-06,1,0,887
2022,6,6,Monday,2022Q2,2022-06,0,0,888
2022,6,7,Tuesday,2022Q2,2022-06,0,0,889
2022,6,8,Wednesday,2022Q2,2022-06,0,0,890
2022,6,9,Thursday,2022Q2,2022-06,0,0,891
2022,6,10,Friday,2022Q2,2022-06,0,0,892
2022,6,11,Saturday,2022Q2,2022-06,1,0,893
2022,6,12,Sunday,2022Q2,2022-06,1,0,894
2022,6,13,Monday,2022Q2,2022-06,0,0,895
2022,6,14,Tuesday,2022Q2,2022-06,0,0,896
2022,6,15,Wednesday,2022Q2,2022-06,0,0,897
2022,6,16,Thursday,2022Q2,2022-06,0,0,898
2022,6,17,Friday,2022Q2,2022-06,0,0,899
2022,6,18,Saturday,2022Q2,2022-06,1,0,900
2022,6,19,Sunday,2022Q2,2022-06,1,0,901
2022,6,20,Monday,2022Q2,2022-06,0,0,902
2022,6,21,Tuesday,2022Q2,2022-06,0,0,903
2022,6,22,Wednesday,2022Q2,2022-06,0,0,904
2022,6,23,Thursday,2022Q2,2022-06,0,0,905
2022,6,24,Friday,2022Q2,2022-06,0,0,906
2022,6,25,Saturday,2022Q2,2022-06,1,0,907
2022,6,26,Sunday,2022Q2,2022-06,1,0,908
2022,6,27,Monday,2022Q2,2022-06,0,0,909
2022,6,28,Tuesday,2022Q2,2022-06,0,0,910
2022,6,29,Wednesday,2022Q2,2022-06,0,0,911
2022,6,30,Thursday,2022Q2,2022-06,0,0,912
2022,7,1,Friday,2022Q3,2022-07,0,0,913
2022,7,2,Saturday,2022Q3,2022-07,1,0,914
2022,7,3,Sunday,2022Q3,2022-07,1,0,915
2022,7,4,Monday,2022Q3,2022-07,0,0,916
2022,7,5,Tuesday,2022Q3,2022-07,0,0,917
2022,7,6,Wednesday,2022Q3,2022-07,0,0,918
2022,7,7,Thursday,2022Q3,2022-07,0,0,919
2022,7,8,Friday,2022Q3,2022-07,0,0,920
2022,7,9,Saturday,2022Q3,2022-07,1,0,921
2022,7,10,Sunday,2022Q3,2022-07,1,0,922
2022,7,11,Monday,2022Q3,2022-07,0,0,923
2022,7,12,Tuesday,2022Q3,2022-07,0,0,924
2022,7,13,Wednesday,2022Q3,2022-07,0,0,925
2022,7,14,Thursday,2022Q3,2022-07,0,0,926
2022,7,15,Friday,2022Q3,2022-07,0,0,927
2022,7,16,Saturday,2022Q3,2022-07,1,0,928
2022,7,17,Sunday,2022Q3,2022-07,1,0,929
2022,7,18,Monday,2022Q3,2022-07,0,0,930
2022,7,19,Tuesday,2022Q3,2022-07,0,0,931
2022,7,20,Wednesday,2022Q3,2022-07,0,0,932
2022,7,21,Thursday,2022Q3,2022-07,0,0,933
2022,7,22,Friday,2022Q3,2022-07,0,0,934
2022,7,23,Saturday,2022Q3,2022-07,1,0,935
2022,7,24,Sunday,2022Q3,2022-07,1,0,936
2022,7,25,Monday,2022Q3,2022-07,0,0,937
2022,7,26,Tuesday,2022Q3,2022-07,0,0,938
2022,7,27,Wednesday,2022Q3,2022-07,0,0,939
2022,7,28,Thursday,2022Q3,2022-07,0,0,940
2022,7,29,Friday,2022Q3,2022-07,0,0,941
2022,7,30,Saturday,2022Q3,2022-07,1,0,942
2022,7,31,Sunday,2022Q3,2022-07,1,0,943
2022,8,1,Monday,2022Q3,2022-08,0,0,944
2022,8,2,Tuesday,2022Q3,2022-08,0,0,945
2022,8,3,Wednesday,2022Q3,2022-08,0,0,946
2022,8,4,Thursday,2022Q3,2022-08,0,0,947
2022,8,5,Friday,2022Q3,2022-08,0,0,948
2022,8,6,Saturday,2022Q3,2022-08,1,0,949
2022,8,7,Sunday,2022Q3,2022-08,1,0,950
2022,8,8,Monday,2022Q3,2022-08,0,0,951
2022,8,9,Tuesday,2022Q3,2022-08,0,0,952
2022,8,10,Wednesday,2022Q3,2022-08,0,0,953
2022,8,11,Thursday,2022Q3,2022-08,0,0,954
2022,8,12,Friday,2022Q3,2022-08,0,0,955
2022,8,13,Saturday,2022Q3,2022-08,1,0,956
2022,8,14,Sunday,2022Q3,2022-08,1,0,957
2022,8,15,Monday,2022Q3,2022-08,0,0,958
2022,8,16,Tuesday,2022Q3,2022-08,0,0,959
2022,8,17,Wednesday,2022Q3,2022-08,0,0,960
2022,8,18,Thursday,2022Q3,2022-08,0,0,961
2022,8,19,Friday,2022Q3,2022-08,0,0,962
2022,8,20,Saturday,2022Q3,2022-08,1,0,963
2022,8,21,Sunday,2022Q3,2022-08,1,0,964
2022,8,22,Monday,2022Q3,2022-08,0,0,965
2022,8,23,Tuesday,2022Q3,2022-08,0,0,966
2022,8,24,Wednesday,2022Q3,2022-08,0,0,967
2022,8,25,Thursday,2022Q3,2022-08,0,0,968
2022,8,26,Friday,2022Q3,2022-08,0,0,969
2022,8,27,Saturday,2022Q3,2022-08,1,0,970
2022,8,28,Sunday,2022Q3,2022-08,1,0,971
2022,8,29,Monday,2022Q3,2022-08,0,0,972
2022,8,30,Tuesday,2022Q3,2022-08,0,0,973
2022,8,31,Wednesday,2022Q3,2022-08,0,0,974
2022,9,1,Thursday,2022Q3,2022-09,0,0,975
2022,9,2,Friday,2022Q3,2022-09,0,0,976
2022,9,3,Saturday,2022Q3,2022-09,1,0,977
2022,9,4,Sunday,2022Q3,2022-09,1,0,978
2022,9,5,Monday,2022Q3,2022-09,0,0,979
2022,9,6,Tuesday,2022Q3,2022-09,0,0,980
2022,9,7,Wednesday,2022Q3,2022-09,0,0,981
2022,9,8,Thursday,2022Q3,2022-09,0,0,982
2022,9,9,Friday,2022Q3,2022-09,0,0,983
2022,9,10,Saturday,2022Q3,2022-09,1,0,984
2022,9,11,Sunday,2022Q3,2022-09,1,0,985
2022,9,12,Monday,2022Q3,2022-09,0,0,986
2022,9,13,Tuesday,2022Q3,2022-09,0,0,987
2022,9,14,Wednesday,2022Q3,2022-09,0,0,988
2022,9,15,Thursday,2022Q3,2022-09,0,0,989
2022,9,16,Friday,2022Q3,2022-09,0,0,990
2022,9,17,Saturday,2022Q3,2022-09,1,0,991
2022,9,18,Sunday,2022Q3,2022-09,1,0,992
2022,9,19,Monday,2022Q3,2022-09,0,0,993
2022,9,20,Tuesday,2022Q3,2022-09,0,0,994
2022,9,21,Wednesday,2022Q3,2022-09,0,0,995
2022,9,22,Thursday,2022Q3,2022-09,0,0,996
2022,9,23,Friday,2022Q3,2022-09,0,0,997
2022,9,24,Saturday,2022Q3,2022-09,1,0,998
2022,9,25,Sunday,2022Q3,2022-09,1,0,999
2022,9,26,Monday,2022Q3,2022-09,0,0,1000
2022,9,27,Tuesday,2022Q3,2022-09,0,0,1001
2022,9,28,Wednesday,2022Q3,2022-09,0,0,1002
2022,9,29,Thursday,2022Q3,2022-09,0,0,1003
2022,9,30,Friday,2022Q3,2022-09,0,0,1004
2022,10,1,Saturday,2022Q4,2022-10,1,0,1005
2022,10,2,Sunday,2022Q4,2022-10,1,0,1006
2022,10,3,Monday,2022Q4,2022-10,0,0,1007
2022,10,4,Tuesday,2022Q4,2022-10,0,0,1008
2022,10,5,Wednesday,2022Q4,2022-10,0,0,1009
2022,10,6,Thursday,2022Q4,2022-10,0,0,1010
2022,10,7,Friday,2022Q4,2022-10,0,0,1011
2022,10,8,Saturday,2022Q4,2022-10,1,0,1012
2022,10,9,Sunday,2022Q4,2022-10,1,0,1013
2022,10,10,Monday,2022Q4,2022-10,0,0,1014
2022,10,11,Tuesday,2022Q4,2022-10,0,0,1015
2022,10,12,Wednesday,2022Q4,2022-10,0,0,1016
2022,10,13,Thursday,2022Q4,2022-10,0,0,1017
2022,10,14,Friday,2022Q4,2022-10,0,0,1018
2022,10,15,Saturday,2022Q4,2022-10,1,0,1019
2022,10,16,Sunday,2022Q4,2022-10,1,0,1020
2022,10,17,Monday,2022Q4,2022-10,0,0,1021
2022,10,18,Tuesday,2022Q4,2022-10,0,0,1022
2022,10,19,Wednesday,2022Q4,2022-10,0,0,1023
2022,10,20,Thursday,2022Q4,2022-10,0,0,1024
2022,10,21,Friday,2022Q4,2022-10,0,0,1025
2022,10,22,Saturday,2022Q4,2022-10,1,0,1026
2022,10,23,Sunday,2022Q4,2022-10,1,0,1027
2022,10,24,Monday,2022Q4,2022-10,0,0,1028
2022,10,25,Tuesday,2022Q4,2022-10,0,0,1029
2022,10,26,Wednesday,2022Q4,2022-10,0,0,1030
2022,10,27,Thursday,2022Q4,2022-10,0,0,1031
2022,10,28,Friday,2022Q4,2022-10,0,0,1032
2022,10,29,Saturday,2022Q4,2022-10,1,0,1033
2022,10,30,Sunday,2022Q4,2022-10,1,0,1034
2022,10,31,Monday,2022Q4,2022-10,0,0,1035
2022,11,1,Tuesday,2022Q4,2022-11,0,0,1036
2022,11,2,Wednesday,2022Q4,2022-11,0,0,1037
2022,11,3,Thursday,2022Q4,2022-11,0,0,1038
2022,11,4,Friday,2022Q4,2022-11,0,0,1039
2022,11,5,Saturday,2022Q4,2022-11,1,0,1040
2022,11,6,Sunday,2022Q4,2022-11,1,0,1041
2022,11,7,Monday,2022Q4,2022-11,0,0,1042
2022,11,8,Tuesday,2022Q4,2022-11,0,0,1043
2022,11,9,Wednesday,2022Q4,2022-11,0,0,1044
2022,11,10,Thursday,2022Q4,2022-11,0,0,1045
2022,11,11,Friday,2022Q4,2022-11,0,0,1046
2022,11,12,Saturday,2022Q4,2022-11,1,0,1047
2022,11,13,Sunday,2022Q4,2022-11,1,0,1048
2022,11,14,Monday,2022Q4,2022-11,0,0,1049
2022,11,15,Tuesday,2022Q4,2022-11,0,0,1050
2022,11,16,Wednesday,2022Q4,2022-11,0,0,1051
2022,11,17,Thursday,2022Q4,2022-11,0,0,1052
2022,11,18,Friday,2022Q4,2022-11,0,0,1053
2022,11,19,Saturday,2022Q4,2022-11,1,0,1054
2022,11,20,Sunday,2022Q4,2022-11,1,0,1055
2022,11,21,Monday,2022Q4,2022-11,0,0,1056
2022,11,22,Tuesday,2022Q4,2022-11,0,0,1057
2022,11,23,Wednesday,2022Q4,2022-11,0,0,1058
2022,11,24,Thursday,2022Q4,2022-11,0,0,1059
2022,11,25,Friday,2022Q4,2022-11,0,0,1060
2022,11,26,Saturday,2022Q4,2022-11,1,0,1061
2022,11,27,Sunday,2022Q4,2022-11,1,0,1062
2022,11,28,Monday,2022Q4,2022-11,0,0,1063
2022,11,29,Tuesday,2022Q4,2022-11,0,0,1064
2022,11,30,Wednesday,2022Q4,2022-11,0,0,1065
2022,12,1,Thursday,2022Q4,2022-12,0,0,1066
2022,12,2,Friday,2022Q4,2022-12,0,0,1067
2022,12,3,Saturday,2022Q4,2022-12,1,0,1068
2022,12,4,Sunday,2022Q4,2022-12,1,0,1069
2022,12,5,Monday,2022Q4,2022-12,0,0,1070
2022,12,6,Tuesday,2022Q4,2022-12,0,0,1071
2022,12,7,Wednesday,2022Q4,2022-12,0,0,1072
2022,12,8,Thursday,2022Q4,2022-12,0,0,1073
2022,12,9,Friday,2022Q4,2022-12,0,0,1074
2022,12,10,Saturday,2022Q4,2022-12,1,0,1075
2022,12,11,Sunday,2022Q4,2022-12,1,0,1076
2022,12,12,Monday,2022Q4,2022-12,0,0,1077
2022,12,13,Tuesday,2022Q4,2022-12,0,0,1078
2022,12,14,Wednesday,2022Q4,2022-12,0,0,1079
2022,12,15,Thursday,2022Q4,2022-12,0,0,1080
2022,12,16,Friday,2022Q4,2022-12,0,0,1081
2022,12,17,Saturday,2022Q4,2022-12,1,0,1082
2022,12,18,Sunday,2022Q4,2022-12,1,0,1083
2022,12,19,Monday,2022Q4,2022-12,0,0,1084
2022,12,20,Tuesday,2022Q4,2022-12,0,0,1085
2022,12,21,Wednesday,2022Q4,2022-12,0,0,1086
2022,12,22,Thursday,2022Q4,2022-12,0,0,1087
2022,12,23,Friday,2022Q4,2022-12,0,0,1088
2022,12,24,Saturday,2022Q4,2022-12,1,0,1089
2022,12,25,Sunday,2022Q4,2022-12,1,0,1090
2022,12,26,Monday,2022Q4,2022-12,0,0,1091
2022,12,27,Tuesday,2022Q4,2022-12,0,0,1092
2022,12,28,Wednesday,2022Q4,2022-12,0,0,1093
2022,12,29,Thursday,2022Q4,2022-12,0,0,1094
2022,12,30,Friday,2022Q4,2022-12,0,0,1095
2022,12,31,Saturday,2022Q4,2022-12,1,0,1096
2023,1,1,Sunday,2023Q1,2023-01,1,0,1097
2023,1,2,Monday,2023Q1,2023-01,0,0,1098
2023,1,3,Tuesday,2023Q1,2023-01,0,0,1099
2023,1,4,Wednesday,2023Q1,2023-01,0,0,1100
2023,1,5,Thursday,2023Q1,2023-01,0,0,1101
2023,1,6,Friday,2023Q1,2023-01,0,0,1102
2023,1,7,Saturday,2023Q1,2023-01,1,0,1103
2023,1,8,Sunday,2023Q1,2023-01,1,0,1104
2023,1,9,Monday,2023Q1,2023-01,0,0,1105
2023,1,10,Tuesday,2023Q1,2023-01,0,0,1106
2023,1,11,Wednesday,2023Q1,2023-01,0,0,1107
2023,1,12,Thursday,2023Q1,2023-01,0,0,1108
2023,1,13,Friday,2023Q1,2023-01,0,0,1109
2023,1,14,Saturday,2023Q1,2023-01,1,0,1110
2023,1,15,Sunday,2023Q1,2023-01,1,0,1111
2023,1,16,Monday,2023Q1,2023-01,0,0,1112
2023,1,17,Tuesday,2023Q1,2023-01,0,0,1113
2023,1,18,Wednesday,2023Q1,2023-01,0,0,1114
2023,1,19,Thursday,2023Q1,2023-01,0,0,1115
2023,1,20,Friday,2023Q1,2023-01,0,0,1116
2023,1,21,Saturday,2023Q1,2023-01,1,0,1117
2023,1,22,Sunday,2023Q1,2023-01,1,0,1118
2023,1,23,Monday,2023Q1,2023-01,0,0,1119
2023,1,24,Tuesday,2023Q1,2023-01,0,0,1120
2023,1,25,Wednesday,2023Q1,2023-01,0,0,1121
2023,1,26,Thursday,2023Q1,2023-01,0,0,1122
2023,1,27,Friday,2023Q1,2023-01,0,0,1123
2023,1,28,Saturday,2023Q1,2023-01,1,0,1124
2023,1,29,Sunday,2023Q1,2023-01,1,0,1125
2023,1,30,Monday,2023Q1,2023-01,0,0,1126
2023,1,31,Tuesday,2023Q1,2023-01,0,0,1127
2023,2,1,Wednesday,2023Q1,2023-02,0,0,1128
2023,2,2,Thursday,2023Q1,2023-02,0,0,1129
2023,2,3,Friday,2023Q1,2023-02,0,0,1130
2023,2,4,Saturday,2023Q1,2023-02,1,0,1131
2023,2,5,Sunday,2023Q1,2023-02,1,0,1132
2023,2,6,Monday,2023Q1,2023-02,0,0,1133
2023,2,7,Tuesday,2023Q1,2023-02,0,0,1134
2023,2,8,Wednesday,2023Q1,2023-02,0,0,1135
2023,2,9,Thursday,2023Q1,2023-02,0,0,1136
2023,2,10,Friday,2023Q1,2023-02,0,0,1137
2023,2,11,Saturday,2023Q1,2023-02,1,0,1138
2023,2,12,Sunday,2023Q1,2023-02,1,0,1139
2023,2,13,Monday,2023Q1,2023-02,0,0,1140
2023,2,14,Tuesday,2023Q1,2023-02,0,0,1141
2023,2,15,Wednesday,2023Q1,2023-02,0,0,1142
2023,2,16,Thursday,2023Q1,2023-02,0,0,1143
2023,2,17,Friday,2023Q1,2023-02,0,0,1144
2023,2,18,Saturday,2023Q1,2023-02,1,0,1145
2023,2,19,Sunday,2023Q1,2023-02,1,0,1146
2023,2,20,Monday,2023Q1,2023-02,0,0,1147
2023,2,21,Tuesday,2023Q1,2023-02,0,0,1148
2023,2,22,Wednesday,2023Q1,2023-02,0,0,1149
2023,2,23,Thursday,2023Q1,2023-02,0,0,1150
2023,2,24,Friday,2023Q1,2023-02,0,0,1151
2023,2,25,Saturday,2023Q1,2023-02,1,0,1152
2023,2,26,Sunday,2023Q1,2023-02,1,0,1153
2023,2,27,Monday,2023Q1,2023-02,0,0,1154
2023,2,28,Tuesday,2023Q1,2023-02,0,0,1155
2023,3,1,Wednesday,2023Q1,2023-03,0,0,1156
2023,3,2,Thursday,2023Q1,2023-03,0,0,1157
2023,3,3,Friday,2023Q1,2023-03,0,0,1158
2023,3,4,Saturday,2023Q1,2023-03,1,0,1159
2023,3,5,Sunday,2023Q1,2023-03,1,0,1160
2023,3,6,Monday,2023Q1,2023-03,0,0,1161
2023,3,7,Tuesday,2023Q1,2023-03,0,0,1162
2023,3,8,Wednesday,2023Q1,2023-03,0,0,1163
2023,3,9,Thursday,2023Q1,2023-03,0,0,1164
2023,3,10,Friday,2023Q1,2023-03,0,0,1165
2023,3,11,Saturday,2023Q1,2023-03,1,0,1166
2023,3,12,Sunday,2023Q1,2023-03,1,0,1167
2023,3,13,Monday,2023Q1,2023-03,0,0,1168
2023,3,14,Tuesday,2023Q1,2023-03,0,0,1169
2023,3,15,Wednesday,2023Q1,2023-03,0,0,1170
2023,3,16,Thursday,2023Q1,2023-03,0,0,1171
2023,3,17,Friday,2023Q1,2023-03,0,0,1172
2023,3,18,Saturday,2023Q1,2023-03,1,0,1173
2023,3,19,Sunday,2023Q1,2023-03,1,0,1174
2023,3,20,Monday,2023Q1,2023-03,0,0,1175
2023,3,21,Tuesday,2023Q1,2023-03,0,0,1176
2023,3,22,Wednesday,2023Q1,2023-03,0,0,1177
2023,3,23,Thursday,2023Q1,2023-03,0,0,1178
2023,3,24,Friday,2023Q1,2023-03,0,0,1179
2023,3,25,Saturday,2023Q1,2023-03,1,0,1180
2023,3,26,Sunday,2023Q1,2023-03,1,0,1181
2023,3,27,Monday,2023Q1,2023-03,0,0,1182
2023,3,28,Tuesday,2023Q1,2023-03,0,0,1183
2023,3,29,Wednesday,2023Q1,2023-03,0,0,1184
2023,3,30,Thursday,2023Q1,2023-03,0,0,1185
2023,3,31,Friday,2023Q1,2023-03,0,0,1186
2023,4,1,Saturday,2023Q2,2023-04,1,0,1187
2023,4,2,Sunday,2023Q2,2023-04,1,0,1188
2023,4,3,Monday,2023Q2,2023-04,0,0,1189
2023,4,4,Tuesday,2023Q2,2023-04,0,0,1190
2023,4,5,Wednesday,2023Q2,2023-04,0,0,1191
2023,4,6,Thursday,2023Q2,2023-04,0,0,1192
2023,4,7,Friday,2023Q2,2023-04,0,0,1193
2023,4,8,Saturday,2023Q2,2023-04,1,0,1194
2023,4,9,Sunday,2023Q2,2023-04,1,0,1195
2023,4,10,Monday,2023Q2,2023-04,0,0,1196
2023,4,11,Tuesday,2023Q2,2023-04,0,0,1197
2023,4,12,Wednesday,2023Q2,2023-04,0,0,1198
2023,4,13,Thursday,2023Q2,2023-04,0,0,1199
2023,4,14,Friday,2023Q2,2023-04,0,0,1200
2023,4,15,Saturday,2023Q2,2023-04,1,0,1201
2023,4,16,Sunday,2023Q2,2023-04,1,0,1202
2023,4,17,Monday,2023Q2,2023-04,0,0,1203
2023,4,18,Tuesday,2023Q2,2023-04,0,0,1204
2023,4,19,Wednesday,2023Q2,2023-04,0,0,1205
2023,4,20,Thursday,2023Q2,2023-04,0,0,1206
2023,4,21,Friday,2023Q2,2023-04,0,0,1207
2023,4,22,Saturday,2023Q2,2023-04,1,0,1208
2023,4,23,Sunday,2023Q2,2023-04,1,0,1209
2023,4,24,Monday,2023Q2,2023-04,0,0,1210
2023,4,25,Tuesday,2023Q2,2023-04,0,0,1211
2023,4,26,Wednesday,2023Q2,2023-04,0,0,1212
2023,4,27,Thursday,2023Q2,2023-04,0,0,1213
2023,4,28,Friday,2023Q2,2023-04,0,0,1214
2023,4,29,Saturday,2023Q2,2023-04,1,0,1215
2023,4,30,Sunday,2023Q2,2023-04,1,0,1216
2023,5,1,Monday,2023Q2,2023-05,0,0,1217
2023,5,2,Tuesday,2023Q2,2023-05,0,0,1218
2023,5,3,Wednesday,2023Q2,2023-05,0,0,1219
2023,5,4,Thursday,2023Q2,2023-05,0,0,1220
2023,5,5,Friday,2023Q2,2023-05,0,0,1221
2023,5,6,Saturday,2023Q2,2023-05,1,0,1222
2023,5,7,Sunday,2023Q2,2023-05,1,0,1223
2023,5,8,Monday,2023Q2,2023-05,0,0,1224
2023,5,9,Tuesday,2023Q2,2023-05,0,0,1225
2023,5,10,Wednesday,2023Q2,2023-05,0,0,1226
2023,5,11,Thursday,2023Q2,2023-05,0,0,1227
2023,5,12,Friday,2023Q2,2023-05,0,0,1228
2023,5,13,Saturday,2023Q2,2023-05,1,0,1229
2023,5,14,Sunday,2023Q2,2023-05,1,0,1230
2023,5,15,Monday,2023Q2,2023-05,0,0,1231
2023,5,16,Tuesday,2023Q2,2023-05,0,0,1232
2023,5,17,Wednesday,2023Q2,2023-05,0,0,1233
2023,5,18,Thursday,2023Q2,2023-05,0,0,1234
2023,5,19,Friday,2023Q2,2023-05,0,0,1235
2023,5,20,Saturday,2023Q2,2023-05,1,0,1236
2023,5,21,Sunday,2023Q2,2023-05,1,0,1237
2023,5,22,Monday,2023Q2,2023-05,0,0,1238
2023,5,23,Tuesday,2023Q2,2023-05,0,0,1239
2023,5,24,Wednesday,2023Q2,2023-05,0,0,1240
2023,5,25,Thursday,2023Q2,2023-05,0,0,1241
2023,5,26,Friday,2023Q2,2023-05,0,0,1242
2023,5,27,Saturday,2023Q2,2023-05,1,0,1243
2023,5,28,Sunday,2023Q2,2023-05,1,0,1244
2023,5,29,Monday,2023Q2,2023-05,0,0,1245
2023,5,30,Tuesday,2023Q2,2023-05,0,0,1246
2023,5,31,Wednesday,2023Q2,2023-05,0,0,1247
2023,6,1,Thursday,2023Q2,2023-06,0,0,1248
2023,6,2,Friday,2023Q2,2023-06,0,0,1249
2023,6,3,Saturday,2023Q2,2023-06,1,0,1250
2023,6,4,Sunday,2023Q2,2023-06,1,0,1251
2023,6,5,Monday,2023Q2,2023-06,0,0,1252
2023,6,6,Tuesday,2023Q2,2023-06,0,0,1253
2023,6,7,Wednesday,2023Q2,2023-06,0,0,1254
2023,6,8,Thursday,2023Q2,2023-06,0,0,1255
2023,6,9,Friday,2023Q2,2023-06,0,0,1256
2023,6,10,Saturday,2023Q2,2023-06,1,0,1257
2023,6,11,Sunday,2023Q2,2023-06,1,0,1258
2023,6,12,Monday,2023Q2,2023-06,0,0,1259
2023,6,13,Tuesday,2023Q2,2023-06,0,0,1260
2023,6,14,Wednesday,2023Q2,2023-06,0,0,1261
2023,6,15,Thursday,2023Q2,2023-06,0,0,1262
2023,6,16,Friday,2023Q2,2023-06,0,0,1263
2023,6,17,Saturday,2023Q2,2023-06,1,0,1264
2023,6,18,Sunday,2023Q2,2023-06,1,0,1265
2023,6,19,Monday,2023Q2,2023-06,0,0,1266
2023,6,20,Tuesday,2023Q2,2023-06,0,0,1267
2023,6,21,Wednesday,2023Q2,2023-06,0,0,1268
2023,6,22,Thursday,2023Q2,2023-06,0,0,1269
2023,6,23,Friday,2023Q2,2023-06,0,0,1270
2023,6,24,Saturday,2023Q2,2023-06,1,0,1271
2023,6,25,Sunday,2023Q2,2023-06,1,0,1272
2023,6,26,Monday,2023Q2,2023-06,0,0,1273
2023,6,27,Tuesday,2023Q2,2023-06,0,0,1274
2023,6,28,Wednesday,2023Q2,2023-06,0,0,1275
2023,6,29,Thursday,2023Q2,2023-06,0,0,1276
2023,6,30,Friday,2023Q2,2023-06,0,0,1277
2023,7,1,Saturday,2023Q3,2023-07,1,0,1278
2023,7,2,Sunday,2023Q3,2023-07,1,0,1279
2023,7,3,Monday,2023Q3,2023-07,0,0,1280
2023,7,4,Tuesday,2023Q3,2023-07,0,0,1281
2023,7,5,Wednesday,2023Q3,2023-07,0,0,1282
2023,7,6,Thursday,2023Q3,2023-07,0,0,1283
2023,7,7,Friday,2023Q3,2023-07,0,0,1284
2023,7,8,Saturday,2023Q3,2023-07,1,0,1285
2023,7,9,Sunday,2023Q3,2023-07,1,0,1286
2023,7,10,Monday,2023Q3,2023-07,0,0,1287
2023,7,11,Tuesday,2023Q3,2023-07,0,0,1288
2023,7,12,Wednesday,2023Q3,2023-07,0,0,1289
2023,7,13,Thursday,2023Q3,2023-07,0,0,1290
2023,7,14,Friday,2023Q3,2023-07,0,0,1291
2023,7,15,Saturday,2023Q3,2023-07,1,0,1292
2023,7,16,Sunday,2023Q3,2023-07,1,0,1293
2023,7,17,Monday,2023Q3,2023-07,0,0,1294
2023,7,18,Tuesday,2023Q3,2023-07,0,0,1295
2023,7,19,Wednesday,2023Q3,2023-07,0,0,1296
2023,7,20,Thursday,2023Q3,2023-07,0,0,1297
2023,7,21,Friday,2023Q3,2023-07,0,0,1298
2023,7,22,Saturday,2023Q3,2023-07,1,0,1299
2023,7,23,Sunday,2023Q3,2023-07,1,0,1300
2023,7,24,Monday,2023Q3,2023-07,0,0,1301
2023,7,25,Tuesday,2023Q3,2023-07,0,0,1302
2023,7,26,Wednesday,2023Q3,2023-07,0,0,1303
2023,7,27,Thursday,2023Q3,2023-07,0,0,1304
2023,7,28,Friday,2023Q3,2023-07,0,0,1305
2023,7,29,Saturday,2023Q3,2023-07,1,0,1306
2023,7,30,Sunday,2023Q3,2023-07,1,0,1307
2023,7,31,Monday,2023Q3,2023-07,0,0,1308
2023,8,1,Tuesday,2023Q3,2023-08,0,0,1309
2023,8,2,Wednesday,2023Q3,2023-08,0,0,1310
2023,8,3,Thursday,2023Q3,2023-08,0,0,1311
2023,8,4,Friday,2023Q3,2023-08,0,0,1312
2023,8,5,Saturday,2023Q3,2023-08,1,0,1313
2023,8,6,Sunday,2023Q3,2023-08,1,0,1314
2023,8,7,Monday,2023Q3,2023-08,0,0,1315
2023,8,8,Tuesday,2023Q3,2023-08,0,0,1316
2023,8,9,Wednesday,2023Q3,2023-08,0,0,1317
2023,8,10,Thursday,2023Q3,2023-08,0,0,1318
2023,8,11,Friday,2023Q3,2023-08,0,0,1319
2023,8,12,Saturday,2023Q3,2023-08,1,0,1320
2023,8,13,Sunday,2023Q3,2023-08,1,0,1321
2023,8,14,Monday,2023Q3,2023-08,0,0,1322
2023,8,15,Tuesday,2023Q3,2023-08,0,0,1323
2023,8,16,Wednesday,2023Q3,2023-08,0,0,1324
2023,8,17,Thursday,2023Q3,2023-08,0,0,1325
2023,8,18,Friday,2023Q3,2023-08,0,0,1326
2023,8,19,Saturday,2023Q3,2023-08,1,0,1327
2023,8,20,Sunday,2023Q3,2023-08,1,0,1328
2023,8,21,Monday,2023Q3,2023-08,0,0,1329
2023,8,22,Tuesday,2023Q3,2023-08,0,0,1330
2023,8,23,Wednesday,2023Q3,2023-08,0,0,1331
2023,8,24,Thursday,2023Q3,2023-08,0,0,1332
2023,8,25,Friday,2023Q3,2023-08,0,0,1333
2023,8,26,Saturday,2023Q3,2023-08,1,0,1334
2023,8,27,Sunday,2023Q3,2023-08,1,0,1335
2023,8,28,Monday,2023Q3,2023-08,0,0,1336
2023,8,29,Tuesday,2023Q3,2023-08,0,0,1337
2023,8,30,Wednesday,2023Q3,2023-08,0,0,1338
2023,8,31,Thursday,2023Q3,2023-08,0,0,1339
2023,9,1,Friday,2023Q3,2023-09,0,0,1340
2023,9,2,Saturday,2023Q3,2023-09,1,0,1341
2023,9,3,Sunday,2023Q3,2023-09,1,0,1342
2023,9,4,Monday,2023Q3,2023-09,0,0,1343
2023,9,5,Tuesday,2023Q3,2023-09,0,0,1344
2023,9,6,Wednesday,2023Q3,2023-09,0,0,1345
2023,9,7,Thursday,2023Q3,2023-09,0,0,1346
2023,9,8,Friday,2023Q3,2023-09,0,0,1347
2023,9,9,Saturday,2023Q3,2023-09,1,0,1348
2023,9,10,Sunday,2023Q3,2023-09,1,0,1349
2023,9,11,Monday,2023Q3,2023-09,0,0,1350
2023,9,12,Tuesday,2023Q3,2023-09,0,0,1351
2023,9,13,Wednesday,2023Q3,2023-09,0,0,1352
2023,9,14,Thursday,2023Q3,2023-09,0,0,1353
2023,9,15,Friday,2023Q3,2023-09,0,0,1354
2023,9,16,Saturday,2023Q3,2023-09,1,0,1355
2023,9,17,Sunday,2023Q3,2023-09,1,0,1356
2023,9,18,Monday,2023Q3,2023-09,0,0,1357
2023,9,19,Tuesday,2023Q3,2023-09,0,0,1358
2023,9,20,Wednesday,2023Q3,2023-09,0,0,1359
2023,9,21,Thursday,2023Q3,2023-09,0,0,1360
2023,9,22,Friday,2023Q3,2023-09,0,0,1361
2023,9,23,Saturday,2023Q3,2023-09,1,0,1362
2023,9,24,Sunday,2023Q3,2023-09,1,0,1363
2023,9,25,Monday,2023Q3,2023-09,0,0,1364
2023,9,26,Tuesday,2023Q3,2023-09,0,0,1365
2023,9,27,Wednesday,2023Q3,2023-09,0,0,1366
2023,9,28,Thursday,2023Q3,2023-09,0,0,1367
2023,9,29,Friday,2023Q3,2023-09,0,0,1368
2023,9,30,Saturday,2023Q3,2023-09,1,0,1369
2023,10,1,Sunday,2023Q4,2023-10,1,0,1370
2023,10,2,Monday,2023Q4,2023-10,0,0,1371
2023,10,3,Tuesday,2023Q4,2023-10,0,0,1372
2023,10,4,Wednesday,2023Q4,2023-10,0,0,1373
2023,10,5,Thursday,2023Q4,2023-10,0,0,1374
2023,10,6,Friday,2023Q4,2023-10,0,0,1375
2023,10,7,Saturday,2023Q4,2023-10,1,0,1376
2023,10,8,Sunday,2023Q4,2023-10,1,0,1377
2023,10,9,Monday,2023Q4,2023-10,0,0,1378
2023,10,10,Tuesday,2023Q4,2023-10,0,0,1379
2023,10,11,Wednesday,2023Q4,2023-10,0,0,1380
2023,10,12,Thursday,2023Q4,2023-10,0,0,1381
2023,10,13,Friday,2023Q4,2023-10,0,0,1382
2023,10,14,Saturday,2023Q4,2023-10,1,0,1383
2023,10,15,Sunday,2023Q4,2023-10,1,0,1384
2023,10,16,Monday,2023Q4,2023-10,0,0,1385
2023,10,17,Tuesday,2023Q4,2023-10,0,0,1386
2023,10,18,Wednesday,2023Q4,2023-10,0,0,1387
2023,10,19,Thursday,2023Q4,2023-10,0,0,1388
2023,10,20,Friday,2023Q4,2023-10,0,0,1389
2023,10,21,Saturday,2023Q4,2023-10,1,0,1390
2023,10,22,Sunday,2023Q4,2023-10,1,0,1391
2023,10,23,Monday,2023Q4,2023-10,0,0,1392
2023,10,24,Tuesday,2023Q4,2023-10,0,0,1393
2023,10,25,Wednesday,2023Q4,2023-10,0,0,1394
2023,10,26,Thursday,2023Q4,2023-10,0,0,1395
2023,10,27,Friday,2023Q4,2023-10,0,0,1396
2023,10,28,Saturday,2023Q4,2023-10,1,0,1397
2023,10,29,Sunday,2023Q4,2023-10,1,0,1398
2023,10,30,Monday,2023Q4,2023-10,0,0,1399
2023,10,31,Tuesday,2023Q4,2023-10,0,0,1400
2023,11,1,Wednesday,2023Q4,2023-11,0,0,1401
2023,11,2,Thursday,2023Q4,2023-11,0,0,1402
2023,11,3,Friday,2023Q4,2023-11,0,0,1403
2023,11,4,Saturday,2023Q4,2023-11,1,0,1404
2023,11,5,Sunday,2023Q4,2023-11,1,0,1405
2023,11,6,Monday,2023Q4,2023-11,0,0,1406
2023,11,7,Tuesday,2023Q4,2023-11,0,0,1407
2023,11,8,Wednesday,2023Q4,2023-11,0,0,1408
2023,11,9,Thursday,2023Q4,2023-11,0,0,1409
2023,11,10,Friday,2023Q4,2023-11,0,0,1410
2023,11,11,Saturday,2023Q4,2023-11,1,0,1411
2023,11,12,Sunday,2023Q4,2023-11,1,0,1412
2023,11,13,Monday,2023Q4,2023-11,0,0,1413
2023,11,14,Tuesday,2023Q4,2023-11,0,0,1414
2023,11,15,Wednesday,2023Q4,2023-11,0,0,1415
2023,11,16,Thursday,2023Q4,2023-11,0,0,1416
2023,11,17,Friday,2023Q4,2023-11,0,0,1417
2023,11,18,Saturday,2023Q4,2023-11,1,0,1418
2023,11,19,Sunday,2023Q4,2023-11,1,0,1419
2023,11,20,Monday,2023Q4,2023-11,0,0,1420
2023,11,21,Tuesday,2023Q4,2023-11,0,0,1421
2023,11,22,Wednesday,2023Q4,2023-11,0,0,1422
2023,11,23,Thursday,2023Q4,2023-11,0,0,1423
2023,11,24,Friday,2023Q4,2023-11,0,0,1424
2023,11,25,Saturday,2023Q4,2023-11,1,0,1425
2023,11,26,Sunday,2023Q4,2023-11,1,0,1426
2023,11,27,Monday,2023Q4,2023-11,0,0,1427
2023,11,28,Tuesday,2023Q4,2023-11,0,0,1428
2023,11,29,Wednesday,2023Q4,2023-11,0,0,1429
2023,11,30,Thursday,2023Q4,2023-11,0,0,1430
2023,12,1,Friday,2023Q4,2023-12,0,0,1431
2023,12,2,Saturday,2023Q4,2023-12,1,0,1432
2023,12,3,Sunday,2023Q4,2023-12,1,0,1433
2023,12,4,Monday,2023Q4,2023-12,0,0,1434
2023,12,5,Tuesday,2023Q4,2023-12,0,0,1435
2023,12,6,Wednesday,2023Q4,2023-12,0,0,1436
2023,12,7,Thursday,2023Q4,2023-12,0,0,1437
2023,12,8,Friday,2023Q4,2023-12,0,0,1438
2023,12,9,Saturday,2023Q4,2023-12,1,0,1439
2023,12,10,Sunday,2023Q4,2023-12,1,0,1440
2023,12,11,Monday,2023Q4,2023-12,0,0,1441
2023,12,12,Tuesday,2023Q4,2023-12,0,0,1442
2023,12,13,Wednesday,2023Q4,2023-12,0,0,1443
2023,12,14,Thursday,2023Q4,2023-12,0,0,1444
2023,12,15,Friday,2023Q4,2023-12,0,0,1445
2023,12,16,Saturday,2023Q4,2023-12,1,0,1446
2023,12,17,Sunday,2023Q4,2023-12,1,0,1447
2023,12,18,Monday,2023Q4,2023-12,0,0,1448
2023,12,19,Tuesday,2023Q4,2023-12,0,0,1449
2023,12,20,Wednesday,2023Q4,2023-12,0,0,1450
2023,12,21,Thursday,2023Q4,2023-12,0,0,1451
2023,12,22,Friday,2023Q4,2023-12,0,0,1452
2023,12,23,Saturday,2023Q4,2023-12,1,0,1453
2023,12,24,Sunday,2023Q4,2023-12,1,0,1454
2023,12,25,Monday,2023Q4,2023-12,0,0,1455
2023,12,26,Tuesday,2023Q4,2023-12,0,0,1456
2023,12,27,Wednesday,2023Q4,2023-12,0,0,1457
2023,12,28,Thursday,2023Q4,2023-12,0,0,1458
2023,12,29,Friday,2023Q4,2023-12,0,0,1459
2023,12,30,Saturday,2023Q4,2023-12,1,0,1460
2023,12,31,Sunday,2023Q4,2023-12,1,0,1461
2024,1,1,Monday,2024Q1,2024-01,0,0,1462
2024,1,2,Tuesday,2024Q1,2024-01,0,0,1463
2024,1,3,Wednesday,2024Q1,2024-01,0,0,1464
2024,1,4,Thursday,2024Q1,2024-01,0,0,1465
2024,1,5,Friday,2024Q1,2024-01,0,0,1466
2024,1,6,Saturday,2024Q1,2024-01,1,0,1467
2024,1,7,Sunday,2024Q1,2024-01,1,0,1468
2024,1,8,Monday,2024Q1,2024-01,0,0,1469
2024,1,9,Tuesday,2024Q1,2024-01,0,0,1470
2024,1,10,Wednesday,2024Q1,2024-01,0,0,1471
2024,1,11,Thursday,2024Q1,2024-01,0,0,1472
2024,1,12,Friday,2024Q1,2024-01,0,0,1473
2024,1,13,Saturday,2024Q1,2024-01,1,0,1474
2024,1,14,Sunday,2024Q1,2024-01,1,0,1475
2024,1,15,Monday,2024Q1,2024-01,0,0,1476
2024,1,16,Tuesday,2024Q1,2024-01,0,0,1477
2024,1,17,Wednesday,2024Q1,2024-01,0,0,1478
2024,1,18,Thursday,2024Q1,2024-01,0,0,1479
2024,1,19,Friday,2024Q1,2024-01,0,0,1480
2024,1,20,Saturday,2024Q1,2024-01,1,0,1481
2024,1,21,Sunday,2024Q1,2024-01,1,0,1482
2024,1,22,Monday,2024Q1,2024-01,0,0,1483
2024,1,23,Tuesday,2024Q1,2024-01,0,0,1484
2024,1,24,Wednesday,2024Q1,2024-01,0,0,1485
2024,1,25,Thursday,2024Q1,2024-01,0,0,1486
2024,1,26,Friday,2024Q1,2024-01,0,0,1487
2024,1,27,Saturday,2024Q1,2024-01,1,0,1488
2024,1,28,Sunday,2024Q1,2024-01,1,0,1489
2024,1,29,Monday,2024Q1,2024-01,0,0,1490
2024,1,30,Tuesday,2024Q1,2024-01,0,0,1491
2024,1,31,Wednesday,2024Q1,2024-01,0,0,1492
2024,2,1,Thursday,2024Q1,2024-02,0,0,1493
2024,2,2,Friday,2024Q1,2024-02,0,0,1494
2024,2,3,Saturday,2024Q1,2024-02,1,0,1495
2024,2,4,Sunday,2024Q1,2024-02,1,0,1496
2024,2,5,Monday,2024Q1,2024-02,0,0,1497
2024,2,6,Tuesday,2024Q1,2024-02,0,0,1498
2024,2,7,Wednesday,2024Q1,2024-02,0,0,1499
2024,2,8,Thursday,2024Q1,2024-02,0,0,1500
2024,2,9,Friday,2024Q1,2024-02,0,0,1501
2024,2,10,Saturday,2024Q1,2024-02,1,0,1502
2024,2,11,Sunday,2024Q1,2024-02,1,0,1503
2024,2,12,Monday,2024Q1,2024-02,0,0,1504
2024,2,13,Tuesday,2024Q1,2024-02,0,0,1505
2024,2,14,Wednesday,2024Q1,2024-02,0,0,1506
2024,2,15,Thursday,2024Q1,2024-02,0,0,1507
2024,2,16,Friday,2024Q1,2024-02,0,0,1508
2024,2,17,Saturday,2024Q1,2024-02,1,0,1509
2024,2,18,Sunday,2024Q1,2024-02,1,0,1510
2024,2,19,Monday,2024Q1,2024-02,0,0,1511
2024,2,20,Tuesday,2024Q1,2024-02,0,0,1512
2024,2,21,Wednesday,2024Q1,2024-02,0,0,1513
2024,2,22,Thursday,2024Q1,2024-02,0,0,1514
2024,2,23,Friday,2024Q1,2024-02,0,0,1515
2024,2,24,Saturday,2024Q1,2024-02,1,0,1516
2024,2,25,Sunday,2024Q1,2024-02,1,0,1517
2024,2,26,Monday,2024Q1,2024-02,0,0,1518
2024,2,27,Tuesday,2024Q1,2024-02,0,0,1519
2024,2,28,Wednesday,2024Q1,2024-02,0,0,1520
2024,2,29,Thursday,2024Q1,2024-02,0,0,1521
2024,3,1,Friday,2024Q1,2024-03,0,0,1522
2024,3,2,Saturday,2024Q1,2024-03,1,0,1523
2024,3,3,Sunday,2024Q1,2024-03,1,0,1524
2024,3,4,Monday,2024Q1,2024-03,0,0,1525
2024,3,5,Tuesday,2024Q1,2024-03,0,0,1526
2024,3,6,Wednesday,2024Q1,2024-03,0,0,1527
2024,3,7,Thursday,2024Q1,2024-03,0,0,1528
2024,3,8,Friday,2024Q1,2024-03,0,0,1529
2024,3,9,Saturday,2024Q1,2024-03,1,0,1530
2024,3,10,Sunday,2024Q1,2024-03,1,0,1531
2024,3,11,Monday,2024Q1,2024-03,0,0,1532
2024,3,12,Tuesday,2024Q1,2024-03,0,0,1533
2024,3,13,Wednesday,2024Q1,2024-03,0,0,1534
2024,3,14,Thursday,2024Q1,2024-03,0,0,1535
2024,3,15,Friday,2024Q1,2024-03,0,0,1536
2024,3,16,Saturday,2024Q1,2024-03,1,0,1537
2024,3,17,Sunday,2024Q1,2024-03,1,0,1538
2024,3,18,Monday,2024Q1,2024-03,0,0,1539
2024,3,19,Tuesday,2024Q1,2024-03,0,0,1540
2024,3,20,Wednesday,2024Q1,2024-03,0,0,1541
2024,3,21,Thursday,2024Q1,2024-03,0,0,1542
2024,3,22,Friday,2024Q1,2024-03,0,0,1543
2024,3,23,Saturday,2024Q1,2024-03,1,0,1544
2024,3,24,Sunday,2024Q1,2024-03,1,0,1545
2024,3,25,Monday,2024Q1,2024-03,0,0,1546
2024,3,26,Tuesday,2024Q1,2024-03,0,0,1547
2024,3,27,Wednesday,2024Q1,2024-03,0,0,1548
2024,3,28,Thursday,2024Q1,2024-03,0,0,1549
2024,3,29,Friday,2024Q1,2024-03,0,0,1550
2024,3,30,Saturday,2024Q1,2024-03,1,0,1551
2024,3,31,Sunday,2024Q1,2024-03,1,0,1552
2024,4,1,Monday,2024Q2,2024-04,0,0,1553
2024,4,2,Tuesday,2024Q2,2024-04,0,0,1554
2024,4,3,Wednesday,2024Q2,2024-04,0,0,1555
2024,4,4,Thursday,2024Q2,2024-04,0,0,1556
2024,4,5,Friday,2024Q2,2024-04,0,0,1557
2024,4,6,Saturday,2024Q2,2024-04,1,0,1558
2024,4,7,Sunday,2024Q2,2024-04,1,0,1559
2024,4,8,Monday,2024Q2,2024-04,0,0,1560
2024,4,9,Tuesday,2024Q2,2024-04,0,0,1561
2024,4,10,Wednesday,2024Q2,2024-04,0,0,1562
2024,4,11,Thursday,2024Q2,2024-04,0,0,1563
2024,4,12,Friday,2024Q2,2024-04,0,0,1564
2024,4,13,Saturday,2024Q2,2024-04,1,0,1565
2024,4,14,Sunday,2024Q2,2024-04,1,0,1566
2024,4,15,Monday,2024Q2,2024-04,0,0,1567
2024,4,16,Tuesday,2024Q2,2024-04,0,0,1568
2024,4,17,Wednesday,2024Q2,2024-04,0,0,1569
2024,4,18,Thursday,2024Q2,2024-04,0,0,1570
2024,4,19,Friday,2024Q2,2024-04,0,0,1571
2024,4,20,Saturday,2024Q2,2024-04,1,0,1572
2024,4,21,Sunday,2024Q2,2024-04,1,0,1573
2024,4,22,Monday,2024Q2,2024-04,0,0,1574
2024,4,23,Tuesday,2024Q2,2024-04,0,0,1575
2024,4,24,Wednesday,2024Q2,2024-04,0,0,1576
2024,4,25,Thursday,2024Q2,2024-04,0,0,1577
2024,4,26,Friday,2024Q2,2024-04,0,0,1578
2024,4,27,Saturday,2024Q2,2024-04,1,0,1579
2024,4,28,Sunday,2024Q2,2024-04,1,0,1580
2024,4,29,Monday,2024Q2,2024-04,0,0,1581
2024,4,30,Tuesday,2024Q2,2024-04,0,0,1582
2024,5,1,Wednesday,2024Q2,2024-05,0,0,1583
2024,5,2,Thursday,2024Q2,2024-05,0,0,1584
2024,5,3,Friday,2024Q2,2024-05,0,0,1585
2024,5,4,Saturday,2024Q2,2024-05,1,0,1586
2024,5,5,Sunday,2024Q2,2024-05,1,0,1587
2024,5,6,Monday,2024Q2,2024-05,0,0,1588
2024,5,7,Tuesday,2024Q2,2024-05,0,0,1589
2024,5,8,Wednesday,2024Q2,2024-05,0,0,1590
2024,5,9,Thursday,2024Q2,2024-05,0,0,1591
2024,5,10,Friday,2024Q2,2024-05,0,0,1592
2024,5,11,Saturday,2024Q2,2024-05,1,0,1593
2024,5,12,Sunday,2024Q2,2024-05,1,0,1594
2024,5,13,Monday,2024Q2,2024-05,0,0,1595
2024,5,14,Tuesday,2024Q2,2024-05,0,0,1596
2024,5,15,Wednesday,2024Q2,2024-05,0,0,1597
2024,5,16,Thursday,2024Q2,2024-05,0,0,1598
2024,5,17,Friday,2024Q2,2024-05,0,0,1599
2024,5,18,Saturday,2024Q2,2024-05,1,0,1600
2024,5,19,Sunday,2024Q2,2024-05,1,0,1601
2024,5,20,Monday,2024Q2,2024-05,0,0,1602
2024,5,21,Tuesday,2024Q2,2024-05,0,0,1603
2024,5,22,Wednesday,2024Q2,2024-05,0,0,1604
2024,5,23,Thursday,2024Q2,2024-05,0,0,1605
2024,5,24,Friday,2024Q2,2024-05,0,0,1606
2024,5,25,Saturday,2024Q2,2024-05,1,0,1607
2024,5,26,Sunday,2024Q2,2024-05,1,0,1608
2024,5,27,Monday,2024Q2,2024-05,0,0,1609
2024,5,28,Tuesday,2024Q2,2024-05,0,0,1610
2024,5,29,Wednesday,2024Q2,2024-05,0,0,1611
2024,5,30,Thursday,2024Q2,2024-05,0,0,1612
2024,5,31,Friday,2024Q2,2024-05,0,0,1613
2024,6,1,Saturday,2024Q2,2024-06,1,0,1614
2024,6,2,Sunday,2024Q2,2024-06,1,0,1615
2024,6,3,Monday,2024Q2,2024-06,0,0,1616
2024,6,4,Tuesday,2024Q2,2024-06,0,0,1617
2024,6,5,Wednesday,2024Q2,2024-06,0,0,1618
2024,6,6,Thursday,2024Q2,2024-06,0,0,1619
2024,6,7,Friday,2024Q2,2024-06,0,0,1620
2024,6,8,Saturday,2024Q2,2024-06,1,0,1621
2024,6,9,Sunday,2024Q2,2024-06,1,0,1622
2024,6,10,Monday,2024Q2,2024-06,0,0,1623
2024,6,11,Tuesday,2024Q2,2024-06,0,0,1624
2024,6,12,Wednesday,2024Q2,2024-06,0,0,1625
2024,6,13,Thursday,2024Q2,2024-06,0,0,1626
2024,6,14,Friday,2024Q2,2024-06,0,0,1627
2024,6,15,Saturday,2024Q2,2024-06,1,0,1628
2024,6,16,Sunday,2024Q2,2024-06,1,0,1629
2024,6,17,Monday,2024Q2,2024-06,0,0,1630
2024,6,18,Tuesday,2024Q2,2024-06,0,0,1631
2024,6,19,Wednesday,2024Q2,2024-06,0,0,1632
2024,6,20,Thursday,2024Q2,2024-06,0,0,1633
2024,6,21,Friday,2024Q2,2024-06,0,0,1634
2024,6,22,Saturday,2024Q2,2024-06,1,0,1635
2024,6,23,Sunday,2024Q2,2024-06,1,0,1636
2024,6,24,Monday,2024Q2,2024-06,0,0,1637
2024,6,25,Tuesday,2024Q2,2024-06,0,0,1638
2024,6,26,Wednesday,2024Q2,2024-06,0,0,1639
2024,6,27,Thursday,2024Q2,2024-06,0,0,1640
2024,6,28,Friday,2024Q2,2024-06,0,0,1641
2024,6,29,Saturday,2024Q2,2024-06,1,0,1642
2024,6,30,Sunday,2024Q2,2024-06,1,0,1643
2024,7,1,Monday,2024Q3,2024-07,0,0,1644
2024,7,2,Tuesday,2024Q3,2024-07,0,0,1645
2024,7,3,Wednesday,2024Q3,2024-07,0,0,1646
2024,7,4,Thursday,2024Q3,2024-07,0,0,1647
2024,7,5,Friday,2024Q3,2024-07,0,0,1648
2024,7,6,Saturday,2024Q3,2024-07,1,0,1649
2024,7,7,Sunday,2024Q3,2024-07,1,0,1650
2024,7,8,Monday,2024Q3,2024-07,0,0,1651
2024,7,9,Tuesday,2024Q3,2024-07,0,0,1652
2024,7,10,Wednesday,2024Q3,2024-07,0,0,1653
2024,7,11,Thursday,2024Q3,2024-07,0,0,1654
2024,7,12,Friday,2024Q3,2024-07,0,0,1655
2024,7,13,Saturday,2024Q3,2024-07,1,0,1656
2024,7,14,Sunday,2024Q3,2024-07,1,0,1657
2024,7,15,Monday,2024Q3,2024-07,0,0,1658
2024,7,16,Tuesday,2024Q3,2024-07,0,0,1659
2024,7,17,Wednesday,2024Q3,2024-07,0,0,1660
2024,7,18,Thursday,2024Q3,2024-07,0,0,1661
2024,7,19,Friday,2024Q3,2024-07,0,0,1662
2024,7,20,Saturday,2024Q3,2024-07,1,0,1663
2024,7,21,Sunday,2024Q3,2024-07,1,0,1664
2024,7,22,Monday,2024Q3,2024-07,0,0,1665
2024,7,23,Tuesday,2024Q3,2024-07,0,0,1666
2024,7,24,Wednesday,2024Q3,2024-07,0,0,1667
2024,7,25,Thursday,2024Q3,2024-07,0,0,1668
2024,7,26,Friday,2024Q3,2024-07,0,0,1669
2024,7,27,Saturday,2024Q3,2024-07,1,0,1670
2024,7,28,Sunday,2024Q3,2024-07,1,0,1671
2024,7,29,Monday,2024Q3,2024-07,0,0,1672
2024,7,30,Tuesday,2024Q3,2024-07,0,0,1673
2024,7,31,Wednesday,2024Q3,2024-07,0,0,1674
2024,8,1,Thursday,2024Q3,2024-08,0,0,1675
2024,8,2,Friday,2024Q3,2024-08,0,0,1676
2024,8,3,Saturday,2024Q3,2024-08,1,0,1677
2024,8,4,Sunday,2024Q3,2024-08,1,0,1678
2024,8,5,Monday,2024Q3,2024-08,0,0,1679
2024,8,6,Tuesday,2024Q3,2024-08,0,0,1680
2024,8,7,Wednesday,2024Q3,2024-08,0,0,1681
2024,8,8,Thursday,2024Q3,2024-08,0,0,1682
2024,8,9,Friday,2024Q3,2024-08,0,0,1683
2024,8,10,Saturday,2024Q3,2024-08,1,0,1684
2024,8,11,Sunday,2024Q3,2024-08,1,0,1685
2024,8,12,Monday,2024Q3,2024-08,0,0,1686
2024,8,13,Tuesday,2024Q3,2024-08,0,0,1687
2024,8,14,Wednesday,2024Q3,2024-08,0,0,1688
2024,8,15,Thursday,2024Q3,2024-08,0,0,1689
2024,8,16,Friday,2024Q3,2024-08,0,0,1690
2024,8,17,Saturday,2024Q3,2024-08,1,0,1691
2024,8,18,Sunday,2024Q3,2024-08,1,0,1692
2024,8,19,Monday,2024Q3,2024-08,0,0,1693
2024,8,20,Tuesday,2024Q3,2024-08,0,0,1694
2024,8,21,Wednesday,2024Q3,2024-08,0,0,1695
2024,8,22,Thursday,2024Q3,2024-08,0,0,1696
2024,8,23,Friday,2024Q3,2024-08,0,0,1697
2024,8,24,Saturday,2024Q3,2024-08,1,0,1698
2024,8,25,Sunday,2024Q3,2024-08,1,0,1699
2024,8,26,Monday,2024Q3,2024-08,0,0,1700
2024,8,27,Tuesday,2024Q3,2024-08,0,0,1701
2024,8,28,Wednesday,2024Q3,2024-08,0,0,1702
2024,8,29,Thursday,2024Q3,2024-08,0,0,1703
2024,8,30,Friday,2024Q3,2024-08,0,0,1704
2024,8,31,Saturday,2024Q3,2024-08,1,0,1705
2024,9,1,Sunday,2024Q3,2024-09,1,0,1706
2024,9,2,Monday,2024Q3,2024-09,0,0,1707
2024,9,3,Tuesday,2024Q3,2024-09,0,0,1708
2024,9,4,Wednesday,2024Q3,2024-09,0,0,1709
2024,9,5,Thursday,2024Q3,2024-09,0,0,1710
2024,9,6,Friday,2024Q3,2024-09,0,0,1711
2024,9,7,Saturday,2024Q3,2024-09,1,0,1712
2024,9,8,Sunday,2024Q3,2024-09,1,0,1713
2024,9,9,Monday,2024Q3,2024-09,0,0,1714
2024,9,10,Tuesday,2024Q3,2024-09,0,0,1715
2024,9,11,Wednesday,2024Q3,2024-09,0,0,1716
2024,9,12,Thursday,2024Q3,2024-09,0,0,1717
2024,9,13,Friday,2024Q3,2024-09,0,0,1718
2024,9,14,Saturday,2024Q3,2024-09,1,0,1719
2024,9,15,Sunday,2024Q3,2024-09,1,0,1720
2024,9,16,Monday,2024Q3,2024-09,0,0,1721
2024,9,17,Tuesday,2024Q3,2024-09,0,0,1722
2024,9,18,Wednesday,2024Q3,2024-09,0,0,1723
2024,9,19,Thursday,2024Q3,2024-09,0,0,1724
2024,9,20,Friday,2024Q3,2024-09,0,0,1725
2024,9,21,Saturday,2024Q3,2024-09,1,0,1726
2024,9,22,Sunday,2024Q3,2024-09,1,0,1727
2024,9,23,Monday,2024Q3,2024-09,0,0,1728
2024,9,24,Tuesday,2024Q3,2024-09,0,0,1729
2024,9,25,Wednesday,2024Q3,2024-09,0,0,1730
2024,9,26,Thursday,2024Q3,2024-09,0,0,1731
2024,9,27,Friday,2024Q3,2024-09,0,0,1732
2024,9,28,Saturday,2024Q3,2024-09,1,0,1733
2024,9,29,Sunday,2024Q3,2024-09,1,0,1734
2024,9,30,Monday,2024Q3,2024-09,0,0,1735
2024,10,1,Tuesday,2024Q4,2024-10,0,0,1736
2024,10,2,Wednesday,2024Q4,2024-10,0,0,1737
2024,10,3,Thursday,2024Q4,2024-10,0,0,1738
2024,10,4,Friday,2024Q4,2024-10,0,0,1739
2024,10,5,Saturday,2024Q4,2024-10,1,0,1740
2024,10,6,Sunday,2024Q4,2024-10,1,0,1741
2024,10,7,Monday,2024Q4,2024-10,0,0,1742
2024,10,8,Tuesday,2024Q4,2024-10,0,0,1743
2024,10,9,Wednesday,2024Q4,2024-10,0,0,1744
2024,10,10,Thursday,2024Q4,2024-10,0,0,1745
2024,10,11,Friday,2024Q4,2024-10,0,0,1746
2024,10,12,Saturday,2024Q4,2024-10,1,0,1747
2024,10,13,Sunday,2024Q4,2024-10,1,0,1748
2024,10,14,Monday,2024Q4,2024-10,0,0,1749
2024,10,15,Tuesday,2024Q4,2024-10,0,0,1750
2024,10,16,Wednesday,2024Q4,2024-10,0,0,1751
2024,10,17,Thursday,2024Q4,2024-10,0,0,1752
2024,10,18,Friday,2024Q4,2024-10,0,0,1753
2024,10,19,Saturday,2024Q4,2024-10,1,0,1754
2024,10,20,Sunday,2024Q4,2024-10,1,0,1755
2024,10,21,Monday,2024Q4,2024-10,0,0,1756
2024,10,22,Tuesday,2024Q4,2024-10,0,0,1757
2024,10,23,Wednesday,2024Q4,2024-10,0,0,1758
2024,10,24,Thursday,2024Q4,2024-10,0,0,1759
2024,10,25,Friday,2024Q4,2024-10,0,0,1760
2024,10,26,Saturday,2024Q4,2024-10,1,0,1761
2024,10,27,Sunday,2024Q4,2024-10,1,0,1762
2024,10,28,Monday,2024Q4,2024-10,0,0,1763
2024,10,29,Tuesday,2024Q4,2024-10,0,0,1764
2024,10,30,Wednesday,2024Q4,2024-10,0,0,1765
2024,10,31,Thursday,2024Q4,2024-10,0,0,1766
2024,11,1,Friday,2024Q4,2024-11,0,0,1767
2024,11,2,Saturday,2024Q4,2024-11,1,0,1768
2024,11,3,Sunday,2024Q4,2024-11,1,0,1769
2024,11,4,Monday,2024Q4,2024-11,0,0,1770
2024,11,5,Tuesday,2024Q4,2024-11,0,0,1771
2024,11,6,Wednesday,2024Q4,2024-11,0,0,1772
2024,11,7,Thursday,2024Q4,2024-11,0,0,1773
2024,11,8,Friday,2024Q4,2024-11,0,0,1774
2024,11,9,Saturday,2024Q4,2024-11,1,0,1775
2024,11,10,Sunday,2024Q4,2024-11,1,0,1776
2024,11,11,Monday,2024Q4,2024-11,0,0,1777
2024,11,12,Tuesday,2024Q4,2024-11,0,0,1778
2024,11,13,Wednesday,2024Q4,2024-11,0,0,1779
2024,11,14,Thursday,2024Q4,2024-11,0,0,1780
2024,11,15,Friday,2024Q4,2024-11,0,0,1781
2024,11,16,Saturday,2024Q4,2024-11,1,0,1782
2024,11,17,Sunday,2024Q4,2024-11,1,0,1783
2024,11,18,Monday,2024Q4,2024-11,0,0,1784
2024,11,19,Tuesday,2024Q4,2024-11,0,0,1785
2024,11,20,Wednesday,2024Q4,2024-11,0,0,1786
2024,11,21,Thursday,2024Q4,2024-11,0,0,1787
2024,11,22,Friday,2024Q4,2024-11,0,0,1788
2024,11,23,Saturday,2024Q4,2024-11,1,0,1789
2024,11,24,Sunday,2024Q4,2024-11,1,0,1790
2024,11,25,Monday,2024Q4,2024-11,0,0,1791
2024,11,26,Tuesday,2024Q4,2024-11,0,0,1792
2024,11,27,Wednesday,2024Q4,2024-11,0,0,1793
2024,11,28,Thursday,2024Q4,2024-11,0,0,1794
2024,11,29,Friday,2024Q4,2024-11,0,0,1795
2024,11,30,Saturday,2024Q4,2024-11,1,0,1796
2024,12,1,Sunday,2024Q4,2024-12,1,0,1797
2024,12,2,Monday,2024Q4,2024-12,0,0,1798
2024,12,3,Tuesday,2024Q4,2024-12,0,0,1799
2024,12,4,Wednesday,2024Q4,2024-12,0,0,1800
2024,12,5,Thursday,2024Q4,2024-12,0,0,1801
2024,12,6,Friday,2024Q4,2024-12,0,0,1802
2024,12,7,Saturday,2024Q4,2024-12,1,0,1803
2024,12,8,Sunday,2024Q4,2024-12,1,0,1804
2024,12,9,Monday,2024Q4,2024-12,0,0,1805
2024,12,10,Tuesday,2024Q4,2024-12,0,0,1806
2024,12,11,Wednesday,2024Q4,2024-12,0,0,1807
2024,12,12,Thursday,2024Q4,2024-12,0,0,1808
2024,12,13,Friday,2024Q4,2024-12,0,0,1809
2024,12,14,Saturday,2024Q4,2024-12,1,0,1810
2024,12,15,Sunday,2024Q4,2024-12,1,0,1811
2024,12,16,Monday,2024Q4,2024-12,0,0,1812
2024,12,17,Tuesday,2024Q4,2024-12,0,0,1813
2024,12,18,Wednesday,2024Q4,2024-12,0,0,1814
2024,12,19,Thursday,2024Q4,2024-12,0,0,1815
2024,12,20,Friday,2024Q4,2024-12,0,0,1816
2024,12,21,Saturday,2024Q4,2024-12,1,0,1817
2024,12,22,Sunday,2024Q4,2024-12,1,0,1818
2024,12,23,Monday,2024Q4,2024-12,0,0,1819
2024,12,24,Tuesday,2024Q4,2024-12,0,0,1820
2024,12,25,Wednesday,2024Q4,2024-12,0,0,1821
2024,12,26,Thursday,2024Q4,2024-12,0,0,1822
2024,12,27,Friday,2024Q4,2024-12,0,0,1823
2024,12,28,Saturday,2024Q4,2024-12,1,0,1824
2024,12,29,Sunday,2024Q4,2024-12,1,0,1825
2024,12,30,Monday,2024Q4,2024-12,0,0,1826
2024,12,31,Tuesday,2024Q4,2024-12,0,0,1827
2025,1,1,Wednesday,2025Q1,2025-01,0,0,1828
2025,1,2,Thursday,2025Q1,2025-01,0,0,1829
2025,1,3,Friday,2025Q1,2025-01,0,0,1830
2025,1,4,Saturday,2025Q1,2025-01,1,0,1831
2025,1,5,Sunday,2025Q1,2025-01,1,0,1832
2025,1,6,Monday,2025Q1,2025-01,0,0,1833
2025,1,7,Tuesday,2025Q1,2025-01,0,0,1834
2025,1,8,Wednesday,2025Q1,2025-01,0,0,1835
2025,1,9,Thursday,2025Q1,2025-01,0,0,1836
2025,1,10,Friday,2025Q1,2025-01,0,0,1837
2025,1,11,Saturday,2025Q1,2025-01,1,0,1838
2025,1,12,Sunday,2025Q1,2025-01,1,0,1839
2025,1,13,Monday,2025Q1,2025-01,0,0,1840
2025,1,14,Tuesday,2025Q1,2025-01,0,0,1841
2025,1,15,Wednesday,2025Q1,2025-01,0,0,1842
2025,1,16,Thursday,2025Q1,2025-01,0,0,1843
2025,1,17,Friday,2025Q1,2025-01,0,0,1844
2025,1,18,Saturday,2025Q1,2025-01,1,0,1845
2025,1,19,Sunday,2025Q1,2025-01,1,0,1846
2025,1,20,Monday,2025Q1,2025-01,0,0,1847
2025,1,21,Tuesday,2025Q1,2025-01,0,0,1848
2025,1,22,Wednesday,2025Q1,2025-01,0,0,1849
2025,1,23,Thursday,2025Q1,2025-01,0,0,1850
2025,1,24,Friday,2025Q1,2025-01,0,0,1851
2025,1,25,Saturday,2025Q1,2025-01,1,0,1852
2025,1,26,Sunday,2025Q1,2025-01,1,0,1853
2025,1,27,Monday,2025Q1,2025-01,0,0,1854
2025,1,28,Tuesday,2025Q1,2025-01,0,0,1855
2025,1,29,Wednesday,2025Q1,2025-01,0,0,1856
2025,1,30,Thursday,2025Q1,2025-01,0,0,1857
2025,1,31,Friday,2025Q1,2025-01,0,0,1858
2025,2,1,Saturday,2025Q1,2025-02,1,0,1859
2025,2,2,Sunday,2025Q1,2025-02,1,0,1860
2025,2,3,Monday,2025Q1,2025-02,0,0,1861
2025,2,4,Tuesday,2025Q1,2025-02,0,0,1862
2025,2,5,Wednesday,2025Q1,2025-02,0,0,1863
2025,2,6,Thursday,2025Q1,2025-02,0,0,1864
2025,2,7,Friday,2025Q1,2025-02,0,0,1865
2025,2,8,Saturday,2025Q1,2025-02,1,0,1866
2025,2,9,Sunday,2025Q1,2025-02,1,0,1867
2025,2,10,Monday,2025Q1,2025-02,0,0,1868
2025,2,11,Tuesday,2025Q1,2025-02,0,0,1869
2025,2,12,Wednesday,2025Q1,2025-02,0,0,1870
2025,2,13,Thursday,2025Q1,2025-02,0,0,1871
2025,2,14,Friday,2025Q1,2025-02,0,0,1872
2025,2,15,Saturday,2025Q1,2025-02,1,0,1873
2025,2,16,Sunday,2025Q1,2025-02,1,0,1874
2025,2,17,Monday,2025Q1,2025-02,0,0,1875
2025,2,18,Tuesday,2025Q1,2025-02,0,0,1876
2025,2,19,Wednesday,2025Q1,2025-02,0,0,1877
2025,2,20,Thursday,2025Q1,2025-02,0,0,1878
2025,2,21,Friday,2025Q1,2025-02,0,0,1879
2025,2,22,Saturday,2025Q1,2025-02,1,0,1880
2025,2,23,Sunday,2025Q1,2025-02,1,0,1881
2025,2,24,Monday,2025Q1,2025-02,0,0,1882
2025,2,25,Tuesday,2025Q1,2025-02,0,0,1883
2025,2,26,Wednesday,2025Q1,2025-02,0,0,1884
2025,2,27,Thursday,2025Q1,2025-02,0,0,1885
2025,2,28,Friday,2025Q1,2025-02,0,0,1886
2025,3,1,Saturday,2025Q1,2025-03,1,0,1887
2025,3,2,Sunday,2025Q1,2025-03,1,0,1888
2025,3,3,Monday,2025Q1,2025-03,0,0,1889
2025,3,4,Tuesday,2025Q1,2025-03,0,0,1890
2025,3,5,Wednesday,2025Q1,2025-03,0,0,1891
2025,3,6,Thursday,2025Q1,2025-03,0,0,1892
2025,3,7,Friday,2025Q1,2025-03,0,0,1893
2025,3,8,Saturday,2025Q1,2025-03,1,0,1894
2025,3,9,Sunday,2025Q1,2025-03,1,0,1895
2025,3,10,Monday,2025Q1,2025-03,0,0,1896
2025,3,11,Tuesday,2025Q1,2025-03,0,0,1897
2025,3,12,Wednesday,2025Q1,2025-03,0,0,1898
2025,3,13,Thursday,2025Q1,2025-03,0,0,1899
2025,3,14,Friday,2025Q1,2025-03,0,0,1900
2025,3,15,Saturday,2025Q1,2025-03,1,0,1901
2025,3,16,Sunday,2025Q1,2025-03,1,0,1902
2025,3,17,Monday,2025Q1,2025-03,0,0,1903
2025,3,18,Tuesday,2025Q1,2025-03,0,0,1904
2025,3,19,Wednesday,2025Q1,2025-03,0,0,1905
2025,3,20,Thursday,2025Q1,2025-03,0,0,1906
2025,3,21,Friday,2025Q1,2025-03,0,0,1907
2025,3,22,Saturday,2025Q1,2025-03,1,0,1908
2025,3,23,Sunday,2025Q1,2025-03,1,0,1909
2025,3,24,Monday,2025Q1,2025-03,0,0,1910
2025,3,25,Tuesday,2025Q1,2025-03,0,0,1911
2025,3,26,Wednesday,2025Q1,2025-03,0,0,1912
2025,3,27,Thursday,2025Q1,2025-03,0,0,1913
2025,3,28,Friday,2025Q1,2025-03,0,0,1914
2025,3,29,Saturday,2025Q1,2025-03,1,0,1915
2025,3,30,Sunday,2025Q1,2025-03,1,0,1916
2025,3,31,Monday,2025Q1,2025-03,0,0,1917
2025,4,1,Tuesday,2025Q2,2025-04,0,0,1918
2025,4,2,Wednesday,2025Q2,2025-04,0,0,1919
2025,4,3,Thursday,2025Q2,2025-04,0,0,1920
2025,4,4,Friday,2025Q2,2025-04,0,0,1921
2025,4,5,Saturday,2025Q2,2025-04,1,0,1922
2025,4,6,Sunday,2025Q2,2025-04,1,0,1923
2025,4,7,Monday,2025Q2,2025-04,0,0,1924
2025,4,8,Tuesday,2025Q2,2025-04,0,0,1925
2025,4,9,Wednesday,2025Q2,2025-04,0,0,1926
2025,4,10,Thursday,2025Q2,2025-04,0,0,1927
2025,4,11,Friday,2025Q2,2025-04,0,0,1928
2025,4,12,Saturday,2025Q2,2025-04,1,0,1929
2025,4,13,Sunday,2025Q2,2025-04,1,0,1930
2025,4,14,Monday,2025Q2,2025-04,0,0,1931
2025,4,15,Tuesday,2025Q2,2025-04,0,0,1932
2025,4,16,Wednesday,2025Q2,2025-04,0,0,1933
2025,4,17,Thursday,2025Q2,2025-04,0,0,1934
2025,4,18,Friday,2025Q2,2025-04,0,0,1935
2025,4,19,Saturday,2025Q2,2025-04,1,0,1936
2025,4,20,Sunday,2025Q2,2025-04,1,0,1937
2025,4,21,Monday,2025Q2,2025-04,0,0,1938
2025,4,22,Tuesday,2025Q2,2025-04,0,0,1939
2025,4,23,Wednesday,2025Q2,2025-04,0,0,1940
2025,4,24,Thursday,2025Q2,2025-04,0,0,1941
2025,4,25,Friday,2025Q2,2025-04,0,0,1942
2025,4,26,Saturday,2025Q2,2025-04,1,0,1943
2025,4,27,Sunday,2025Q2,2025-04,1,0,1944
2025,4,28,Monday,2025Q2,2025-04,0,0,1945
2025,4,29,Tuesday,2025Q2,2025-04,0,0,1946
2025,4,30,Wednesday,2025Q2,2025-04,0,0,1947
2025,5,1,Thursday,2025Q2,2025-05,0,0,1948
2025,5,2,Friday,2025Q2,2025-05,0,0,1949
2025,5,3,Saturday,2025Q2,2025-05,1,0,1950
2025,5,4,Sunday,2025Q2,2025-05,1,0,1951
2025,5,5,Monday,2025Q2,2025-05,0,0,1952
2025,5,6,Tuesday,2025Q2,2025-05,0,0,1953
2025,5,7,Wednesday,2025Q2,2025-05,0,0,1954
2025,5,8,Thursday,2025Q2,2025-05,0,0,1955
2025,5,9,Friday,2025Q2,2025-05,0,0,1956
2025,5,10,Saturday,2025Q2,2025-05,1,0,1957
2025,5,11,Sunday,2025Q2,2025-05,1,0,1958
2025,5,12,Monday,2025Q2,2025-05,0,0,1959
2025,5,13,Tuesday,2025Q2,2025-05,0,0,1960
2025,5,14,Wednesday,2025Q2,2025-05,0,0,1961
2025,5,15,Thursday,2025Q2,2025-05,0,0,1962
2025,5,16,Friday,2025Q2,2025-05,0,0,1963
2025,5,17,Saturday,2025Q2,2025-05,1,0,1964
2025,5,18,Sunday,2025Q2,2025-05,1,0,1965
2025,5,19,Monday,2025Q2,2025-05,0,0,1966
2025,5,20,Tuesday,2025Q2,2025-05,0,0,1967
2025,5,21,Wednesday,2025Q2,2025-05,0,0,1968
2025,5,22,Thursday,2025Q2,2025-05,0,0,1969
2025,5,23,Friday,2025Q2,2025-05,0,0,1970
2025,5,24,Saturday,2025Q2,2025-05,1,0,1971
2025,5,25,Sunday,2025Q2,2025-05,1,0,1972
2025,5,26,Monday,2025Q2,2025-05,0,0,1973
2025,5,27,Tuesday,2025Q2,2025-05,0,0,1974
2025,5,28,Wednesday,2025Q2,2025-05,0,0,1975
2025,5,29,Thursday,2025Q2,2025-05,0,0,1976
2025,5,30,Friday,2025Q2,2025-05,0,0,1977
2025,5,31,Saturday,2025Q2,2025-05,1,0,1978
2025,6,1,Sunday,2025Q2,2025-06,1,0,1979
2025,6,2,Monday,2025Q2,2025-06,0,0,1980
2025,6,3,Tuesday,2025Q2,2025-06,0,0,1981
2025,6,4,Wednesday,2025Q2,2025-06,0,0,1982
2025,6,5,Thursday,2025Q2,2025-06,0,0,1983
2025,6,6,Friday,2025Q2,2025-06,0,0,1984
2025,6,7,Saturday,2025Q2,2025-06,1,0,1985
2025,6,8,Sunday,2025Q2,2025-06,1,0,1986
2025,6,9,Monday,2025Q2,2025-06,0,0,1987
2025,6,10,Tuesday,2025Q2,2025-06,0,0,1988
2025,6,11,Wednesday,2025Q2,2025-06,0,0,1989
2025,6,12,Thursday,2025Q2,2025-06,0,0,1990
2025,6,13,Friday,2025Q2,2025-06,0,0,1991
2025,6,14,Saturday,2025Q2,2025-06,1,0,1992
2025,6,15,Sunday,2025Q2,2025-06,1,0,1993
2025,6,16,Monday,2025Q2,2025-06,0,0,1994
2025,6,17,Tuesday,2025Q2,2025-06,0,0,1995
2025,6,18,Wednesday,2025Q2,2025-06,0,0,1996
2025,6,19,Thursday,2025Q2,2025-06,0,0,1997
2025,6,20,Friday,2025Q2,2025-06,0,0,1998
2025,6,21,Saturday,2025Q2,2025-06,1,0,1999
2025,6,22,Sunday,2025Q2,2025-06,1,0,2000
2025,6,23,Monday,2025Q2,2025-06,0,0,2001
2025,6,24,Tuesday,2025Q2,2025-06,0,0,2002
2025,6,25,Wednesday,2025Q2,2025-06,0,0,2003
2025,6,26,Thursday,2025Q2,2025-06,0,0,2004
2025,6,27,Friday,2025Q2,2025-06,0,0,2005
2025,6,28,Saturday,2025Q2,2025-06,1,0,2006
2025,6,29,Sunday,2025Q2,2025-06,1,0,2007
2025,6,30,Monday,2025Q2,2025-06,0,0,2008
2025,7,1,Tuesday,2025Q3,2025-07,0,0,2009
2025,7,2,Wednesday,2025Q3,2025-07,0,0,2010
2025,7,3,Thursday,2025Q3,2025-07,0,0,2011
2025,7,4,Friday,2025Q3,2025-07,0,0,2012
2025,7,5,Saturday,2025Q3,2025-07,1,0,2013
2025,7,6,Sunday,2025Q3,2025-07,1,0,2014
2025,7,7,Monday,2025Q3,2025-07,0,0,2015
2025,7,8,Tuesday,2025Q3,2025-07,0,0,2016
2025,7,9,Wednesday,2025Q3,2025-07,0,0,2017
2025,7,10,Thursday,2025Q3,2025-07,0,0,2018
2025,7,11,Friday,2025Q3,2025-07,0,0,2019
2025,7,12,Saturday,2025Q3,2025-07,1,0,2020
2025,7,13,Sunday,2025Q3,2025-07,1,0,2021
2025,7,14,Monday,2025Q3,2025-07,0,0,2022
2025,7,15,Tuesday,2025Q3,2025-07,0,0,2023
2025,7,16,Wednesday,2025Q3,2025-07,0,0,2024
2025,7,17,Thursday,2025Q3,2025-07,0,0,2025
2025,7,18,Friday,2025Q3,2025-07,0,0,2026
2025,7,19,Saturday,2025Q3,2025-07,1,0,2027
2025,7,20,Sunday,2025Q3,2025-07,1,0,2028
2025,7,21,Monday,2025Q3,2025-07,0,0,2029
2025,7,22,Tuesday,2025Q3,2025-07,0,0,2030
2025,7,23,Wednesday,2025Q3,2025-07,0,0,2031
2025,7,24,Thursday,2025Q3,2025-07,0,0,2032
2025,7,25,Friday,2025Q3,2025-07,0,0,2033
2025,7,26,Saturday,2025Q3,2025-07,1,0,2034
2025,7,27,Sunday,2025Q3,2025-07,1,0,2035
2025,7,28,Monday,2025Q3,2025-07,0,0,2036
2025,7,29,Tuesday,2025Q3,2025-07,0,0,2037
2025,7,30,Wednesday,2025Q3,2025-07,0,0,2038
2025,7,31,Thursday,2025Q3,2025-07,0,0,2039
2025,8,1,Friday,2025Q3,2025-08,0,0,2040
2025,8,2,Saturday,2025Q3,2025-08,1,0,2041
2025,8,3,Sunday,2025Q3,2025-08,1,0,2042
2025,8,4,Monday,2025Q3,2025-08,0,0,2043
2025,8,5,Tuesday,2025Q3,2025-08,0,0,2044
2025,8,6,Wednesday,2025Q3,2025-08,0,0,2045
2025,8,7,Thursday,2025Q3,2025-08,0,0,2046
2025,8,8,Friday,2025Q3,2025-08,0,0,2047
2025,8,9,Saturday,2025Q3,2025-08,1,0,2048
2025,8,10,Sunday,2025Q3,2025-08,1,0,2049
2025,8,11,Monday,2025Q3,2025-08,0,0,2050
2025,8,12,Tuesday,2025Q3,2025-08,0,0,2051
2025,8,13,Wednesday,2025Q3,2025-08,0,0,2052
2025,8,14,Thursday,2025Q3,2025-08,0,0,2053
2025,8,15,Friday,2025Q3,2025-08,0,0,2054
2025,8,16,Saturday,2025Q3,2025-08,1,0,2055
2025,8,17,Sunday,2025Q3,2025-08,1,0,2056
2025,8,18,Monday,2025Q3,2025-08,0,0,2057
2025,8,19,Tuesday,2025Q3,2025-08,0,0,2058
2025,8,20,Wednesday,2025Q3,2025-08,0,0,2059
2025,8,21,Thursday,2025Q3,2025-08,0,0,2060
2025,8,22,Friday,2025Q3,2025-08,0,0,2061
2025,8,23,Saturday,2025Q3,2025-08,1,0,2062
2025,8,24,Sunday,2025Q3,2025-08,1,0,2063
2025,8,25,Monday,2025Q3,2025-08,0,0,2064
2025,8,26,Tuesday,2025Q3,2025-08,0,0,2065
2025,8,27,Wednesday,2025Q3,2025-08,0,0,2066
2025,8,28,Thursday,2025Q3,2025-08,0,0,2067
2025,8,29,Friday,2025Q3,2025-08,0,0,2068
2025,8,30,Saturday,2025Q3,2025-08,1,0,2069
2025,8,31,Sunday,2025Q3,2025-08,1,0,2070
2025,9,1,Monday,2025Q3,2025-09,0,0,2071
2025,9,2,Tuesday,2025Q3,2025-09,0,0,2072
2025,9,3,Wednesday,2025Q3,2025-09,0,0,2073
2025,9,4,Thursday,2025Q3,2025-09,0,0,2074
2025,9,5,Friday,2025Q3,2025-09,0,0,2075
2025,9,6,Saturday,2025Q3,2025-09,1,0,2076
2025,9,7,Sunday,2025Q3,2025-09,1,0,2077
2025,9,8,Monday,2025Q3,2025-09,0,0,2078
2025,9,9,Tuesday,2025Q3,2025-09,0,0,2079
2025,9,10,Wednesday,2025Q3,2025-09,0,0,2080
2025,9,11,Thursday,2025Q3,2025-09,0,0,2081
2025,9,12,Friday,2025Q3,2025-09,0,0,2082
2025,9,13,Saturday,2025Q3,2025-09,1,0,2083
2025,9,14,Sunday,2025Q3,2025-09,1,0,2084
2025,9,15,Monday,2025Q3,2025-09,0,0,2085
2025,9,16,Tuesday,2025Q3,2025-09,0,0,2086
2025,9,17,Wednesday,2025Q3,2025-09,0,0,2087
2025,9,18,Thursday,2025Q3,2025-09,0,0,2088
2025,9,19,Friday,2025Q3,2025-09,0,0,2089
2025,9,20,Saturday,2025Q3,2025-09,1,0,2090
2025,9,21,Sunday,2025Q3,2025-09,1,0,2091
2025,9,22,Monday,2025Q3,2025-09,0,0,2092
2025,9,23,Tuesday,2025Q3,2025-09,0,0,2093
2025,9,24,Wednesday,2025Q3,2025-09,0,0,2094
2025,9,25,Thursday,2025Q3,2025-09,0,0,2095
2025,9,26,Friday,2025Q3,2025-09,0,0,2096
2025,9,27,Saturday,2025Q3,2025-09,1,0,2097
2025,9,28,Sunday,2025Q3,2025-09,1,0,2098
2025,9,29,Monday,2025Q3,2025-09,0,0,2099
2025,9,30,Tuesday,2025Q3,2025-09,0,0,2100
2025,10,1,Wednesday,2025Q4,2025-10,0,0,2101
2025,10,2,Thursday,2025Q4,2025-10,0,0,2102
2025,10,3,Friday,2025Q4,2025-10,0,0,2103
2025,10,4,Saturday,2025Q4,2025-10,1,0,2104
2025,10,5,Sunday,2025Q4,2025-10,1,0,2105
2025,10,6,Monday,2025Q4,2025-10,0,0,2106
2025,10,7,Tuesday,2025Q4,2025-10,0,0,2107
2025,10,8,Wednesday,2025Q4,2025-10,0,0,2108
2025,10,9,Thursday,2025Q4,2025-10,0,0,2109
2025,10,10,Friday,2025Q4,2025-10,0,0,2110
2025,10,11,Saturday,2025Q4,2025-10,1,0,2111
2025,10,12,Sunday,2025Q4,2025-10,1,0,2112
2025,10,13,Monday,2025Q4,2025-10,0,0,2113
2025,10,14,Tuesday,2025Q4,2025-10,0,0,2114
2025,10,15,Wednesday,2025Q4,2025-10,0,0,2115
2025,10,16,Thursday,2025Q4,2025-10,0,0,2116
2025,10,17,Friday,2025Q4,2025-10,0,0,2117
2025,10,18,Saturday,2025Q4,2025-10,1,0,2118
2025,10,19,Sunday,2025Q4,2025-10,1,0,2119
2025,10,20,Monday,2025Q4,2025-10,0,0,2120
2025,10,21,Tuesday,2025Q4,2025-10,0,0,2121
2025,10,22,Wednesday,2025Q4,2025-10,0,0,2122
2025,10,23,Thursday,2025Q4,2025-10,0,0,2123
2025,10,24,Friday,2025Q4,2025-10,0,0,2124
2025,10,25,Saturday,2025Q4,2025-10,1,0,2125
2025,10,26,Sunday,2025Q4,2025-10,1,0,2126
2025,10,27,Monday,2025Q4,2025-10,0,0,2127
2025,10,28,Tuesday,2025Q4,2025-10,0,0,2128
2025,10,29,Wednesday,2025Q4,2025-10,0,0,2129
2025,10,30,Thursday,2025Q4,2025-10,0,0,2130
2025,10,31,Friday,2025Q4,2025-10,0,0,2131
2025,11,1,Saturday,2025Q4,2025-11,1,0,2132
2025,11,2,Sunday,2025Q4,2025-11,1,0,2133
2025,11,3,Monday,2025Q4,2025-11,0,0,2134
2025,11,4,Tuesday,2025Q4,2025-11,0,0,2135
2025,11,5,Wednesday,2025Q4,2025-11,0,0,2136
2025,11,6,Thursday,2025Q4,2025-11,0,0,2137
2025,11,7,Friday,2025Q4,2025-11,0,0,2138
2025,11,8,Saturday,2025Q4,2025-11,1,0,2139
2025,11,9,Sunday,2025Q4,2025-11,1,0,2140
2025,11,10,Monday,2025Q4,2025-11,0,0,2141
2025,11,11,Tuesday,2025Q4,2025-11,0,0,2142
2025,11,12,Wednesday,2025Q4,2025-11,0,0,2143
2025,11,13,Thursday,2025Q4,2025-11,0,0,2144
2025,11,14,Friday,2025Q4,2025-11,0,0,2145
2025,11,15,Saturday,2025Q4,2025-11,1,0,2146
2025,11,16,Sunday,2025Q4,2025-11,1,0,2147
2025,11,17,Monday,2025Q4,2025-11,0,0,2148
2025,11,18,Tuesday,2025Q4,2025-11,0,0,2149
2025,11,19,Wednesday,2025Q4,2025-11,0,0,2150
2025,11,20,Thursday,2025Q4,2025-11,0,0,2151
2025,11,21,Friday,2025Q4,2025-11,0,0,2152
2025,11,22,Saturday,2025Q4,2025-11,1,0,2153
2025,11,23,Sunday,2025Q4,2025-11,1,0,2154
2025,11,24,Monday,2025Q4,2025-11,0,0,2155
2025,11,25,Tuesday,2025Q4,2025-11,0,0,2156
2025,11,26,Wednesday,2025Q4,2025-11,0,0,2157
2025,11,27,Thursday,2025Q4,2025-11,0,0,2158
2025,11,28,Friday,2025Q4,2025-11,0,0,2159
2025,11,29,Saturday,2025Q4,2025-11,1,0,2160
2025,11,30,Sunday,2025Q4,2025-11,1,0,2161
2025,12,1,Monday,2025Q4,2025-12,0,0,2162
2025,12,2,Tuesday,2025Q4,2025-12,0,0,2163
2025,12,3,Wednesday,2025Q4,2025-12,0,0,2164
2025,12,4,Thursday,2025Q4,2025-12,0,0,2165
2025,12,5,Friday,2025Q4,2025-12,0,0,2166
2025,12,6,Saturday,2025Q4,2025-12,1,0,2167
2025,12,7,Sunday,2025Q4,2025-12,1,0,2168
2025,12,8,Monday,2025Q4,2025-12,0,0,2169
2025,12,9,Tuesday,2025Q4,2025-12,0,0,2170
2025,12,10,Wednesday,2025Q4,2025-12,0,0,2171
2025,12,11,Thursday,2025Q4,2025-12,0,0,2172
2025,12,12,Friday,2025Q4,2025-12,0,0,2173
2025,12,13,Saturday,2025Q4,2025-12,1,0,2174
2025,12,14,Sunday,2025Q4,2025-12,1,0,2175
2025,12,15,Monday,2025Q4,2025-12,0,0,2176
2025,12,16,Tuesday,2025Q4,2025-12,0,0,2177
2025,12,17,Wednesday,2025Q4,2025-12,0,0,2178
2025,12,18,Thursday,2025Q4,2025-12,0,0,2179
2025,12,19,Friday,2025Q4,2025-12,0,0,2180
2025,12,20,Saturday,2025Q4,2025-12,1,0,2181
2025,12,21,Sunday,2025Q4,2025-12,1,0,2182
2025,12,22,Monday,2025Q4,2025-12,0,0,2183
2025,12,23,Tuesday,2025Q4,2025-12,0,0,2184
2025,12,24,Wednesday,2025Q4,2025-12,0,0,2185
2025,12,25,Thursday,2025Q4,2025-12,0,0,2186
2025,12,26,Friday,2025Q4,2025-12,0,0,2187
2025,12,27,Saturday,2025Q4,2025-12,1,0,2188
2025,12,28,Sunday,2025Q4,2025-12,1,0,2189
2025,12,29,Monday,2025Q4,2025-12,0,0,2190
2025,12,30,Tuesday,2025Q4,2025-12,0,0,2191
2025,12,31,Wednesday,2025Q4,2025-12,0,0,2192
